0,3,0,0,0,0,0,0,0,0,7,0,0,0,0,0,0,0,0,0,0,0,0,0,0,0,0,0,0,0,0,0,0,0,0,0,Not tracked,Not tracked,Not tracked,Not tracked,Not tracked,Not tracked,Not tracked,Not tracked,Not tracked,Not tracked,Not tracked,Not tracked,Not tracked,Not tracked,Not tracked,Not tracked,Not tracked,Not tracked,Open,Open,Open,Open,Open,Open,Open,Open,Open,Open,Open,Open,Open,Open,Open,Open,Open,Open,Perut,Kepala,0.151388889,-0.096944444,-0.0325,0.225555556,-0.02,0.06,-0.028611111,-0.25,0.008611111,-0.203333333,0.01,-0.047222222,-0.42,-0.700555556,2.88188386,-0.858482449,-2.962857757,-2.045307379,-2.985099728,-2.973543418,0.816810542,Hai
7,0,0,0,0,0,0,0,0,3,0,0,0,0,0,7,0,7,0,0,0,0,3,7,0,3,0,0,0,7,0,0,0,0,7,3,Not tracked,Not tracked,Not tracked,Not tracked,Not tracked,Not tracked,Not tracked,Not tracked,Not tracked,Not tracked,Not tracked,Not tracked,Not tracked,Not tracked,Not tracked,Not tracked,Not tracked,Not tracked,Open,Open,Open,Open,Open,Open,Open,Open,Open,Open,Open,Open,Open,Open,Open,Open,Open,Open,Perut,Kepala,0.158094136,-0.102970679,-0.034791667,0.22654321,-0.020555556,0.063055556,-0.030794753,-0.256944444,0.00746142,-0.215092593,0.013055556,-0.044367284,-0.431666667,-0.723348765,2.90226647,-0.86422841,-3.060782259,-2.108828865,-3.070663723,-2.96940522,0.842364254,Hai
0,0,8,1,0,0,0,1,0,8,0,0,0,0,0,8,0,0,0,0,0,0,0,0,0,3,0,0,0,0,0,0,0,0,0,0,Not tracked,Not tracked,Not tracked,Not tracked,Not tracked,Not tracked,Not tracked,Not tracked,Not tracked,Not tracked,Not tracked,Not tracked,Not tracked,Not tracked,Not tracked,Not tracked,Not tracked,Not tracked,Open,Open,Open,Open,Open,Open,Open,Open,Open,Open,Open,Open,Open,Open,Open,Open,Open,Open,Perut,Kepala,0.148280393,-0.102860297,-0.036244213,0.221015089,-0.020570988,0.072584877,-0.03085541,-0.257137346,0.000207262,-0.195141461,0.014807099,-0.062065758,-0.427546296,-0.725648577,2.883238425,-0.82388439,-3.114389397,-2.106092855,-3.107459942,-2.990278028,0.842247437,Hai
0,0,0,0,0,0,0,0,0,0,0,0,0,0,0,0,0,0,0,0,0,0,0,0,0,0,0,0,0,0,0,0,0,0,3,0,Not tracked,Not tracked,Not tracked,Not tracked,Not tracked,Not tracked,Not tracked,Not tracked,Not tracked,Not tracked,Not tracked,Not tracked,Not tracked,Not tracked,Not tracked,Not tracked,Not tracked,Not tracked,Open,Open,Open,Open,Open,Open,Open,Open,Open,Open,Open,Open,Open,Open,Open,Open,Open,Open,Perut,Kepala,0.147452233,-0.107301675,-0.036006784,0.220583752,-0.020571416,0.074238469,-0.030857095,-0.257142704,5.76E-06,-0.204865041,0.020411308,-0.052279604,-0.421876286,-0.722379127,2.858298802,-0.802158402,-3.118992791,-2.098300532,-3.108482059,-2.847413767,0.836550371,Hai
2,1,0,8,0,0,0,0,0,0,0,0,8,0,0,0,0,0,0,0,0,0,0,0,0,7,0,3,0,7,0,7,0,1,3,0,Not tracked,Not tracked,Not tracked,Not tracked,Not tracked,Not tracked,Not tracked,Not tracked,Not tracked,Not tracked,Not tracked,Not tracked,Not tracked,Not tracked,Not tracked,Not tracked,Not tracked,Not tracked,Open,Open,Open,Open,Open,Open,Open,Open,Open,Open,Open,Open,Open,Open,Open,Open,Open,Open,Perut,Kepala,0.14354034,-0.097980602,-0.041000188,0.211127326,-0.021404762,0.078728846,-0.030857142,-0.258531742,-0.00249984,-0.204301807,0.012233647,-0.051729989,-0.421718786,-0.727010531,2.882961536,-0.802507259,-3.154404869,-2.106649782,-3.122296561,-2.978646409,0.840498773,Hai
0,0,0,0,0,0,0,0,0,0,0,0,0,0,0,0,0,0,0,0,0,0,0,0,1,0,0,0,0,0,0,0,0,0,0,0,Not tracked,Not tracked,Not tracked,Not tracked,Not tracked,Not tracked,Not tracked,Not tracked,Not tracked,Not tracked,Not tracked,Not tracked,Not tracked,Not tracked,Not tracked,Not tracked,Not tracked,Not tracked,Open,Open,Open,Open,Open,Open,Open,Open,Open,Open,Open,Open,Open,Open,Open,Open,Open,Open,Perut,Kepala,0.135376121,-0.112166128,-0.035861116,0.225309092,-0.017816799,0.072186912,-0.030857143,-0.257181437,-6.94E-05,-0.203452828,0.016173157,-0.053659166,-0.425047744,-0.720194737,2.787704674,-0.741533736,-1.400399937,-2.088576974,-3.108894188,-2.920219943,0.836285795,Hai
0,0,0,0,0,0,0,0,0,0,0,0,0,0,8,0,0,0,0,0,0,0,0,0,0,0,0,0,0,0,0,0,0,0,0,0,Not tracked,Not tracked,Not tracked,Not tracked,Not tracked,Not tracked,Not tracked,Not tracked,Not tracked,Not tracked,Not tracked,Not tracked,Not tracked,Not tracked,Not tracked,Not tracked,Not tracked,Not tracked,Open,Open,Open,Open,Open,Open,Open,Open,Open,Open,Open,Open,Open,Open,Open,Open,Open,Open,Perut,Kepala,0.140149337,-0.113115726,-0.032385031,0.226258586,-0.020494911,0.072005192,-0.030857143,-0.257143929,-1.93E-06,-0.204818134,0.018782588,-0.052323866,-0.423473548,-0.720005409,2.803476899,-0.770637286,-3.043877066,-2.094567637,-3.108521899,-2.870490639,0.835313729,Hai
0,0,0,0,0,0,0,0,0,0,0,0,0,0,0,0,0,0,0,0,0,1,0,0,0,5,0,7,0,0,0,3,0,0,0,0,Not tracked,Not tracked,Not tracked,Not tracked,Not tracked,Not tracked,Not tracked,Not tracked,Not tracked,Not tracked,Not tracked,Not tracked,Not tracked,Not tracked,Not tracked,Not tracked,Not tracked,Not tracked,Open,Open,Open,Open,Open,Open,Open,Open,Open,Open,Open,Open,Open,Open,Open,Open,Open,Open,Perut,Kepala,0.14472637,-0.103697659,-0.045066251,0.221840516,-0.020013748,0.073111255,-0.030857143,-0.25797622,-5.36E-08,-0.200411615,0.015243961,-0.055897885,-0.420096487,-0.721111261,2.888892576,-0.770212699,-2.637864463,-2.097601027,-3.108890918,-2.950382164,0.834562635,Hai
8,0,0,0,7,0,0,0,0,0,0,0,0,0,0,0,0,7,0,0,0,0,0,0,0,0,0,0,0,0,0,0,0,0,3,0,Not tracked,Not tracked,Not tracked,Not tracked,Not tracked,Not tracked,Not tracked,Not tracked,Not tracked,Not tracked,Not tracked,Not tracked,Not tracked,Not tracked,Not tracked,Not tracked,Not tracked,Not tracked,Open,Open,Open,Open,Open,Open,Open,Open,Open,Open,Open,Open,Open,Open,Open,Open,Open,Open,Perut,Kepala,0.152631288,-0.099824935,-0.05125184,0.213106681,-0.020555937,0.073419757,-0.030857143,-0.257166006,0.000277776,-0.208622545,0.019867888,-0.048774941,-0.411947125,-0.721697535,2.977418723,-0.777109737,-2.829305318,-2.139752904,-3.107260051,-2.832368857,0.830995291,Hai
0,0,0,0,0,0,0,3,0,0,0,0,7,0,0,7,7,0,0,0,7,0,0,0,4,4,0,5,1,0,7,0,3,0,0,0,Not tracked,Not tracked,Not tracked,Not tracked,Not tracked,Not tracked,Not tracked,Not tracked,Not tracked,Not tracked,Not tracked,Not tracked,Not tracked,Not tracked,Not tracked,Not tracked,Not tracked,Not tracked,Open,Open,Open,Open,Open,Open,Open,Open,Open,Open,Open,Open,Open,Open,Open,Open,Open,Open,Perut,Kepala,0.144239758,-0.094995137,-0.043923662,0.208141852,-0.021404332,0.077594993,-0.030857143,-0.2571435,7.72E-06,-0.218295071,0.01999633,-0.043021526,-0.410331865,-0.729769376,2.899838787,-0.802786196,-1.937411817,-2.108433504,-3.108476507,-2.772100055,0.837245526,Hai
0,0,0,0,0,3,7,0,0,0,0,0,0,0,0,0,0,0,0,0,0,0,0,0,0,0,0,0,0,0,0,0,0,0,0,0,Not tracked,Not tracked,Not tracked,Not tracked,Not tracked,Not tracked,Not tracked,Not tracked,Not tracked,Not tracked,Not tracked,Not tracked,Not tracked,Not tracked,Not tracked,Not tracked,Not tracked,Not tracked,Open,Open,Open,Open,Open,Open,Open,Open,Open,Open,Open,Open,Open,Open,Open,Open,Open,Open,Perut,Kepala,0.14400666,-0.092638754,-0.044831213,0.215781718,-0.020594565,0.072155416,-0.035579365,-0.257142875,0.004444659,-0.191619308,0.013888787,-0.066750598,-0.421398107,-0.729715816,2.905675374,-0.817007209,-3.121769878,-2.111002297,-3.06608076,-3.043719826,0.842654615,Hai
0,0,0,0,0,0,0,0,0,7,0,1,7,0,0,7,8,0,0,0,0,0,0,0,0,0,0,0,0,0,0,0,0,0,0,0,Not tracked,Not tracked,Not tracked,Not tracked,Not tracked,Not tracked,Not tracked,Not tracked,Not tracked,Not tracked,Not tracked,Not tracked,Not tracked,Not tracked,Not tracked,Not tracked,Not tracked,Not tracked,Open,Open,Open,Open,Open,Open,Open,Open,Open,Open,Open,Open,Open,Open,Open,Open,Open,Open,Perut,Kepala,0.148166852,-0.093962188,-0.050689756,0.217382826,-0.020572071,0.072004317,-0.030988316,-0.262420635,0.000123463,-0.197544981,0.0128858,-0.055743072,-0.419205503,-0.726380995,2.909414071,-0.798454364,-3.17979711,-2.075736978,-3.109735251,-2.982358023,0.838698496,Hai
0,0,0,0,0,0,0,0,0,0,0,1,8,8,0,7,0,0,0,0,0,0,0,0,0,0,0,0,0,0,0,0,0,0,0,0,Not tracked,Not tracked,Not tracked,Not tracked,Not tracked,Not tracked,Not tracked,Not tracked,Not tracked,Not tracked,Not tracked,Not tracked,Not tracked,Not tracked,Not tracked,Not tracked,Not tracked,Not tracked,Open,Open,Open,Open,Open,Open,Open,Open,Open,Open,Open,Open,Open,Open,Open,Open,Open,Open,Perut,Kepala,0.14856019,-0.092610061,-0.049741382,0.217427301,-0.019460335,0.070611231,-0.031138564,-0.257845018,0.003058985,-0.204098472,0.012302383,-0.056826196,-0.419700153,-0.731010583,2.921076023,-0.810954274,-2.489279538,-2.082635061,-3.092224761,-3.011088977,0.842939059,Hai
0,0,0,0,0,0,0,7,0,0,0,0,0,0,0,0,0,0,0,0,0,1,0,0,0,0,3,0,0,5,0,3,0,3,0,0,Not tracked,Not tracked,Not tracked,Not tracked,Not tracked,Not tracked,Not tracked,Not tracked,Not tracked,Not tracked,Not tracked,Not tracked,Not tracked,Not tracked,Not tracked,Not tracked,Not tracked,Not tracked,Open,Open,Open,Open,Open,Open,Open,Open,Open,Open,Open,Open,Open,Open,Open,Open,Open,Open,Perut,Kepala,0.150515561,-0.093405835,-0.043603927,0.216872981,-0.020540565,0.07362809,-0.035587182,-0.257162362,-0.000192806,-0.207891624,0.008119511,-0.050745172,-0.433325004,-0.733361405,2.927352469,-0.840185888,-2.612799273,-2.125370445,-3.091313884,-2.544240491,0.851838555,Hai
0,0,0,0,0,0,0,0,0,0,0,0,0,0,0,0,0,0,0,0,5,0,0,0,0,0,0,0,0,0,0,0,5,0,0,5,Not tracked,Not tracked,Not tracked,Not tracked,Not tracked,Not tracked,Not tracked,Not tracked,Not tracked,Not tracked,Not tracked,Not tracked,Not tracked,Not tracked,Not tracked,Not tracked,Not tracked,Not tracked,Open,Open,Open,Open,Open,Open,Open,Open,Open,Open,Open,Open,Open,Open,Open,Open,Open,Open,Perut,Kepala,0.145847654,-0.094261273,-0.045655665,0.222135361,-0.018070571,0.07760078,-0.031544088,-0.267143399,-0.003616467,-0.184385878,0.004392209,-0.062798477,-0.440092361,-0.73037115,2.896154134,-0.816710373,-1.445554943,-2.049694353,-3.130799964,-3.126370874,0.852723754,Hai
8,0,0,0,0,0,0,0,0,0,0,0,0,0,0,0,0,1,0,0,0,0,0,0,0,0,0,0,0,0,0,0,0,0,0,0,Not tracked,Not tracked,Not tracked,Not tracked,Not tracked,Not tracked,Not tracked,Not tracked,Not tracked,Not tracked,Not tracked,Not tracked,Not tracked,Not tracked,Not tracked,Not tracked,Not tracked,Not tracked,Open,Open,Open,Open,Open,Open,Open,Open,Open,Open,Open,Open,Open,Open,Open,Open,Open,Open,Perut,Kepala,0.19,0.0286111111111111,-0.200555555555556,0.165833333333333,-0.0394444444444445,0.0255555555555556,-0.04,-0.27,-0.00999999999999999,-0.188611111111111,0.00777777777777776,-0.0513888888888889,-0.332222222222222,-0.75,-2.77350584993547,-0.840428177167117,-2.48722652003271,-2.07664535245387,-3.04756689981622,-2.93160212301578,0.820296296584136,Hormat
1,0,0,1,0,8,0,0,0,0,0,0,0,8,8,0,0,0,0,0,0,7,7,0,0,3,0,0,0,0,0,0,0,0,0,0,Not tracked,Not tracked,Not tracked,Not tracked,Not tracked,Not tracked,Not tracked,Not tracked,Not tracked,Not tracked,Not tracked,Not tracked,Not tracked,Not tracked,Not tracked,Not tracked,Not tracked,Not tracked,Open,Open,Open,Open,Open,Open,Open,Open,Open,Open,Open,Open,Open,Open,Open,Open,Open,Open,Perut,Kepala,0.195277777777778,0.0388503086419753,-0.199737654320988,0.158773148148148,-0.036929012345679,0.0365432098765432,-0.0411111111111111,-0.278333333333333,-0.0102777777777778,-0.188016975308642,0.00549382716049382,-0.0589274691358025,-0.343950617283951,-0.778611111111112,-2.78994371262836,-0.892570758065685,2.36951981332386,-2.12615790203911,-3.13427579786715,-3.07668877330418,0.851211145258329,Hormat
0,0,0,0,0,3,0,0,0,0,0,0,0,0,0,0,0,0,0,0,0,0,0,0,0,0,0,0,0,0,0,0,5,1,0,4,Not tracked,Not tracked,Not tracked,Not tracked,Not tracked,Not tracked,Not tracked,Not tracked,Not tracked,Not tracked,Not tracked,Not tracked,Not tracked,Not tracked,Not tracked,Not tracked,Not tracked,Not tracked,Open,Open,Open,Open,Open,Open,Open,Open,Open,Open,Open,Open,Open,Open,Open,Open,Open,Open,Perut,Kepala,0.19542438271605,0.0310791752400549,-0.225548268175583,0.178021476337448,-0.0179702503429355,0.0174039780521262,-0.041141975308642,-0.287731481481481,-0.0102854938271605,-0.185222693758573,0.000152606310013717,-0.0549702074759946,-0.342609739368999,-0.774961419753087,-2.88781701406143,-0.849337774733077,2.75876593099042,-2.07463819149734,-3.14225732083877,-3.1715577253803,0.847326491284362,Hormat
0,0,0,0,0,0,1,0,0,0,0,0,0,0,0,0,0,0,0,1,1,1,0,0,0,0,0,0,0,0,0,0,0,0,0,0,Not tracked,Not tracked,Not tracked,Not tracked,Not tracked,Not tracked,Not tracked,Not tracked,Not tracked,Not tracked,Not tracked,Not tracked,Not tracked,Not tracked,Not tracked,Not tracked,Not tracked,Not tracked,Open,Open,Open,Open,Open,Open,Open,Open,Open,Open,Open,Open,Open,Open,Open,Open,Open,Open,Perut,Kepala,0.195428455075446,0.029474421534446,-0.224320785227099,0.176333929898262,-0.0141102847317482,0.0204834438347813,-0.0411428326474623,-0.280492541152263,-0.00917459705075445,-0.185700630382183,0.00500423906416704,-0.060971394652111,-0.341739159426917,-0.781526706104253,-2.89771973608066,-0.839181433052068,2.89343488227333,-2.11900741543662,-3.13242655363916,-3.09778513592463,0.852986108306072,Hormat
0,3,0,0,3,0,0,0,0,0,0,0,3,1,0,0,0,0,0,0,0,0,0,0,0,0,0,0,0,0,0,0,0,0,0,0,Not tracked,Not tracked,Not tracked,Not tracked,Not tracked,Not tracked,Not tracked,Not tracked,Not tracked,Not tracked,Not tracked,Not tracked,Not tracked,Not tracked,Not tracked,Not tracked,Not tracked,Not tracked,Open,Open,Open,Open,Open,Open,Open,Open,Open,Open,Open,Open,Open,Open,Open,Open,Open,Open,Perut,Kepala,0.19542856819654,0.0308187339315124,-0.226231132922975,0.19323149805273,-0.0109475079092152,0.0127912067731883,-0.0411428564624295,-0.276958126143118,-0.00886596102918761,-0.189880573066172,0.00569456219622685,-0.0569714276292253,-0.341992754428525,-0.781431297391785,-2.83439232430301,-0.887832055907562,3.09086217253016,-2.13597091729991,-3.12860932504393,-3.08565830938461,0.853011189387569,Hormat
0,0,3,0,0,0,0,7,0,0,0,0,3,7,3,0,3,7,1,0,4,0,8,0,0,0,0,0,0,0,0,0,8,4,0,8,Not tracked,Not tracked,Not tracked,Not tracked,Not tracked,Not tracked,Not tracked,Not tracked,Not tracked,Not tracked,Not tracked,Not tracked,Not tracked,Not tracked,Not tracked,Not tracked,Not tracked,Not tracked,Open,Open,Open,Open,Open,Open,Open,Open,Open,Open,Open,Open,Open,Open,Open,Open,Open,Open,Perut,Kepala,0.195428571338793,0.030856075942542,-0.226284198136749,0.195089763834798,-0.0133596529974782,0.013133089077033,-0.0455873015684009,-0.26435994794842,-0.000246276695255211,-0.228052238140727,0.000158182283228524,-0.0379714285452563,-0.33644424317857,-0.790039758260883,-2.83263322953141,-0.892881807540776,2.81354136676944,-2.16996194038289,-3.05709636448939,-3.22730538440603,0.858719753224543,Hormat
0,0,0,0,0,7,0,3,0,0,0,0,0,0,0,0,0,3,0,5,5,0,0,0,0,8,0,0,8,5,0,0,8,5,0,0,Not tracked,Not tracked,Not tracked,Not tracked,Not tracked,Not tracked,Not tracked,Not tracked,Not tracked,Not tracked,Not tracked,Not tracked,Not tracked,Not tracked,Not tracked,Not tracked,Not tracked,Not tracked,Open,Open,Open,Open,Open,Open,Open,Open,Open,Open,Open,Open,Open,Open,Open,Unknown,Open,Open,Perut,Kepala,0.185428571426077,0.0308571132206262,-0.216285672170465,0.189030271217633,-0.0262044348054855,0.024809252474362,-0.0512663139324556,-0.266509998554123,-6.84101931264476E-06,-0.224112562170576,4.39395231190343E-06,-0.0388325396818127,-0.333512340088294,-0.794723326618358,-2.8364592866771,-0.908259873144037,1.26366551853424,-2.2021849850531,-3.03590643646818,-3.23124002537885,0.861889114205821,Hormat
3,3,0,0,0,7,0,0,0,0,0,0,0,0,0,0,0,0,0,0,0,0,0,0,0,0,0,0,0,0,0,0,0,0,0,0,Not tracked,Not tracked,Not tracked,Not tracked,Not tracked,Not tracked,Not tracked,Not tracked,Not tracked,Not tracked,Not tracked,Not tracked,Not tracked,Not tracked,Not tracked,Not tracked,Not tracked,Not tracked,Unknown,Open,Open,Open,Open,Open,Open,Open,Unknown,Unknown,Unknown,Open,Open,Open,Open,Open,Open,Open,Perut,Kepala,0.187373015872946,0.032523808700573,-0.218230157560291,0.193306396422712,-0.0262834565223746,0.0209669236798434,-0.0500351753870127,-0.271847499959836,-0.000555745583869796,-0.213725348949183,-0.000833211279102448,-0.0444120149911615,-0.333708676113564,-0.797353425739399,-2.82066617246028,-0.922088783731154,-0.095520715911473,-2.17809985461638,-3.04714965502339,-2.72501204116968,0.864384954651004,Hormat
0,0,0,7,4,7,3,1,1,0,7,3,0,0,0,0,7,7,0,0,0,0,5,3,0,3,3,0,7,0,0,0,0,0,3,0,Not tracked,Not tracked,Not tracked,Not tracked,Not tracked,Not tracked,Not tracked,Not tracked,Not tracked,Not tracked,Not tracked,Not tracked,Not tracked,Not tracked,Not tracked,Not tracked,Not tracked,Not tracked,Open,Unknown,Unknown,Open,Open,Unknown,Open,Open,Open,Open,Open,Open,Open,Open,Unknown,Open,Open,Open,Perut,Kepala,0.187704805996471,0.0278478835750159,-0.217728615487786,0.19453628878952,-0.0268412071256215,0.0239157478799956,-0.0416676437607504,-0.271995763887773,-0.00307099293288527,-0.216770148581922,-2.31447577528458E-05,-0.0401225559719767,-0.327325241003155,-0.798815372937206,-2.85919305673326,-0.901871602950735,1.21786934118678,-2.14159153843919,-3.08996979170044,-1.99066401255521,0.863296996575896,Hormat
0,0,7,3,3,0,0,0,0,0,0,0,0,1,7,0,0,0,0,0,0,0,0,0,0,0,0,0,0,0,0,0,0,0,0,0,Not tracked,Not tracked,Not tracked,Not tracked,Not tracked,Not tracked,Not tracked,Not tracked,Not tracked,Not tracked,Not tracked,Not tracked,Not tracked,Not tracked,Not tracked,Not tracked,Not tracked,Not tracked,Open,Open,Open,Open,Open,Open,Open,Open,Open,Open,Open,Open,Open,Open,Open,Open,Open,Open,Perut,Kepala,0.185214022388791,0.0299402189881949,-0.222436905985772,0.193181563577487,-0.024356700197934,0.0306643263299999,-0.0453241012155764,-0.274499882330216,-0.00341863869258015,-0.217965837460609,-0.000278420687715357,-0.0363922932214438,-0.326870145583421,-0.806355982581589,-2.85465323377408,-0.900263019894273,2.97867553703587,-2.16706309983808,-3.07917142013425,-3.01542644669699,0.87010310155621,Hormat
0,0,1,0,0,0,0,0,0,8,0,0,0,0,0,0,0,0,0,0,0,0,0,0,0,0,0,0,0,0,0,0,0,0,0,0,Not tracked,Not tracked,Not tracked,Not tracked,Not tracked,Not tracked,Not tracked,Not tracked,Not tracked,Not tracked,Not tracked,Not tracked,Not tracked,Not tracked,Not tracked,Not tracked,Not tracked,Not tracked,Open,Open,Unknown,Unknown,Open,Open,Open,Open,Open,Open,Open,Open,Open,Open,Open,Open,Open,Open,Perut,Kepala,0.185144833955244,0.0308316727496721,-0.216178802944049,0.185366154543819,-0.0306765750054982,0.0308517868425,-0.0504256694782105,-0.276791663398061,0.00657170448076167,-0.226610162151684,-0.00278551168576987,-0.0393442303672623,-0.324357504043984,-0.810454332849488,-2.88582946112412,-0.898782255650472,3.1475617494599,-2.12408570171898,-3.01634148266276,1.03777820541817,0.87296512617035,Hormat
0,0,0,7,3,0,0,0,0,0,0,0,0,0,0,0,0,0,0,0,0,0,0,0,0,0,0,3,1,0,5,0,0,0,0,0,Not tracked,Not tracked,Not tracked,Not tracked,Not tracked,Not tracked,Not tracked,Not tracked,Not tracked,Not tracked,Not tracked,Not tracked,Not tracked,Not tracked,Not tracked,Not tracked,Not tracked,Not tracked,Open,Open,Open,Open,Open,Unknown,Open,Unknown,Open,Open,Open,Open,Open,Open,Open,Open,Open,Unknown,Perut,Kepala,0.185142912054312,0.0241897686874909,-0.216004966748446,0.19514905984844,-0.0302965715279305,0.030023660745625,-0.0414007130410614,-0.277688657316613,-0.00648411931997885,-0.211850282281991,0.00658929134206195,-0.0360928952879795,-0.319565486223444,-0.802234842579153,-2.90308970293733,-0.88922698136438,2.66095096308371,-2.14228919903661,-3.11074941426264,-2.88927533685334,0.863545039291585,Hormat
0,1,0,0,0,3,3,0,0,0,0,7,7,0,7,3,0,0,0,0,0,0,0,7,7,0,0,0,0,0,3,5,0,1,5,0,Not tracked,Not tracked,Not tracked,Not tracked,Not tracked,Not tracked,Not tracked,Not tracked,Not tracked,Not tracked,Not tracked,Not tracked,Not tracked,Not tracked,Not tracked,Not tracked,Not tracked,Not tracked,Open,Open,Unknown,Open,Open,Open,Open,Open,Unknown,Unknown,Unknown,Unknown,Unknown,Unknown,Unknown,Open,Open,Unknown,Perut,Kepala,0.185142858668175,0.0215052713524303,-0.216000137965235,0.195420807218012,-0.036397126986887,0.0280562127984896,-0.0411500198066962,-0.27771357381435,-0.00656900331444386,-0.2144958411745,0.00546081364839061,-0.0376692470913328,-0.314432374617318,-0.804784301182754,-2.93189479660627,-0.875338693018472,-1.59025280220868,-2.14581369991235,-3.11165422186412,-3.05116302702031,0.864125270117769,Hormat
0,0,0,0,0,0,0,0,0,0,0,0,0,0,0,0,0,0,0,0,0,0,0,0,0,0,0,0,0,0,0,0,3,5,0,0,Not tracked,Not tracked,Not tracked,Not tracked,Not tracked,Not tracked,Not tracked,Not tracked,Not tracked,Not tracked,Not tracked,Not tracked,Not tracked,Not tracked,Not tracked,Not tracked,Not tracked,Not tracked,Unknown,Unknown,Open,Unknown,Open,Unknown,Unknown,Unknown,Open,Open,Open,Open,Open,Open,Open,Open,Open,Open,Perut,Kepala,0.185142857185227,0.0225418130931231,-0.216000003832368,0.195428355756056,-0.0210110313051913,0.0302237836888469,-0.0411430561057416,-0.277714265939287,-0.000182472314290107,-0.205958217810403,0.00015168926801085,-0.0510463679747593,-0.328734232628259,-0.811799563921743,-2.92040606746367,-0.881007513480056,2.86103142905939,-2.14470406344547,-3.08094913769762,-3.22634718211814,0.875844329748431,Hormat
0,0,0,0,0,0,3,0,0,0,0,0,0,0,0,0,0,0,0,0,0,0,0,0,0,0,0,0,0,0,0,0,0,0,0,0,Not tracked,Not tracked,Not tracked,Not tracked,Not tracked,Not tracked,Not tracked,Not tracked,Not tracked,Not tracked,Not tracked,Not tracked,Not tracked,Not tracked,Not tracked,Not tracked,Not tracked,Not tracked,Open,Open,Open,Unknown,Open,Unknown,Open,Open,Unknown,Unknown,Open,Open,Open,Open,Unknown,Open,Unknown,Open,Perut,Kepala,0.185142857144034,0.020626161474809,-0.216000000106455,0.195428565437668,-0.0233614175362553,0.0308395495469124,-0.041142862669604,-0.28771428516498,-5.06867539694742E-06,-0.2062766171614,4.21359077807918E-06,-0.0411401768881878,-0.326353728684118,-0.802827765664493,-2.93738562417054,-0.870569419779402,3.02854389322792,-2.07515336264752,-3.08527751947723,-3.23121340864863,0.86663563218606,Hormat
8,8,8,7,8,3,1,1,0,0,7,8,7,3,2,1,5,1,0,1,8,7,7,6,5,3,7,0,0,3,2,2,3,3,4,0,Not tracked,Not tracked,Not tracked,Unknown,Unknown,Open,Unknown,Not tracked,Not tracked,Not tracked,Not tracked,Not tracked,Unknown,Open,Open,Not tracked,Not tracked,Not tracked,Not tracked,Not tracked,Not tracked,Unknown,Unknown,Unknown,Open,Not tracked,Not tracked,Not tracked,Not tracked,Not tracked,Not tracked,Unknown,Unknown,Not tracked,Not tracked,Not tracked,Perut,Perut,0.0738888888888889,-0.193888888888889,-0.113611111111111,-0.0505555555555555,-0.0386111111111111,-0.0111111111111111,-0.0630555555555556,-0.193055555555556,0.0988888888888889,-0.0672222222222222,0.0286111111111111,-0.0158333333333333,-0.174444444444444,-0.0205555555555556,2.25948364955698,1.68250507388522,1.28720782803299,-2.17505626761156,-1.84470077012382,-0.285793411172792,0.181422583388118,Bola
0,0,0,5,8,8,8,3,1,3,1,0,0,2,0,0,2,7,0,5,5,5,1,8,7,5,6,6,2,3,0,0,7,3,1,0,Not tracked,Not tracked,Not tracked,Not tracked,Not tracked,Unknown,Unknown,Unknown,Open,Not tracked,Not tracked,Not tracked,Not tracked,Not tracked,Not tracked,Not tracked,Not tracked,Not tracked,Not tracked,Not tracked,Not tracked,Not tracked,Not tracked,Unknown,Unknown,Unknown,Open,Not tracked,Not tracked,Not tracked,Not tracked,Not tracked,Not tracked,Not tracked,Not tracked,Not tracked,Perut,Perut,0.0778858024691358,-0.196774691358025,-0.11954475308642,-0.0627932098765432,-0.0377391975308642,-0.0172530864197531,-0.0531404320987655,-0.196195987654321,0.100246913580247,-0.0652006172839506,0.0344058641975309,-0.0265509259259259,-0.162623456790123,-0.0164043209876543,2.31157741736742,1.72811840119196,1.05086532787459,-2.19974320660785,-1.67145733743403,0.216928038185861,0.168278268747095,Bola
0,3,0,8,8,8,3,8,7,3,4,1,1,0,0,7,7,0,1,5,3,1,8,7,6,7,7,6,6,7,2,7,0,0,0,6,Not tracked,Not tracked,Not tracked,Not tracked,Open,Open,Open,Unknown,Open,Open,Open,Not tracked,Not tracked,Not tracked,Not tracked,Not tracked,Not tracked,Not tracked,Not tracked,Not tracked,Not tracked,Not tracked,Open,Unknown,Unknown,Unknown,Unknown,Unknown,Open,Not tracked,Not tracked,Not tracked,Not tracked,Not tracked,Not tracked,Not tracked,Perut,Perut,0.076607938957476,-0.192410408093278,-0.134709576474623,-0.0645220336076818,-0.0313260888203018,-0.0121459190672154,-0.0414761231138546,-0.201838777434842,0.0791735253772291,-0.0629222393689986,0.0112334962277092,-0.0282375257201646,-0.190628429355281,-0.0279556755829904,2.33666396870531,1.72689026748482,0.464226651912458,-2.1449608158586,-1.68196697586703,0.922272410034041,0.195006684451509,Bola
8,0,2,8,8,8,7,7,3,4,1,8,0,0,3,8,8,8,7,5,5,1,8,1,7,7,5,5,1,3,0,0,5,0,0,0,Not tracked,Not tracked,Not tracked,Not tracked,Open,Open,Open,Open,Open,Open,Unknown,Not tracked,Not tracked,Not tracked,Not tracked,Not tracked,Not tracked,Not tracked,Not tracked,Not tracked,Not tracked,Not tracked,Open,Open,Unknown,Open,Unknown,Not tracked,Not tracked,Not tracked,Not tracked,Not tracked,Not tracked,Not tracked,Not tracked,Not tracked,Perut,Perut,0.0754613316377077,-0.197844733558147,-0.112630821568739,-0.0429033898224356,-0.0483701691338973,-0.0158929421963115,-0.0544854478642738,-0.198384410484301,0.0802548201493675,-0.0684145066491388,0.0222564860063253,-0.0271732646033379,-0.191128567482091,-0.0421654354328609,2.2680954883983,1.55395243473791,0.369190752526535,-2.16310130314201,-1.70183620660403,-0.274358493608256,0.209391210293107,Bola
0,7,8,8,8,8,3,4,4,1,0,0,0,0,0,0,0,0,0,1,1,8,7,7,6,5,4,5,0,1,0,0,3,0,5,0,Not tracked,Not tracked,Open,Open,Open,Open,Open,Open,Open,Not tracked,Not tracked,Not tracked,Not tracked,Not tracked,Not tracked,Not tracked,Not tracked,Not tracked,Not tracked,Not tracked,Open,Open,Unknown,Unknown,Open,Open,Not tracked,Not tracked,Not tracked,Not tracked,Not tracked,Not tracked,Not tracked,Not tracked,Not tracked,Not tracked,Perut,Perut,0.0779294814343808,-0.196606798154393,-0.111184189488021,-0.0589695386061788,-0.0374547269203861,-0.0212748039498976,-0.053457929107341,-0.198010678069008,0.0775070783374825,-0.0746781807402538,0.0278404579446202,-0.0313103684612038,-0.20308690465228,-0.0320045954286906,2.29754040535465,1.69145176607011,0.75307767170385,-2.17549338964295,-1.76391922222759,0.447635280389929,0.210054795443145,Bola
3,7,0,8,8,8,7,7,8,3,3,3,7,8,0,8,0,8,6,3,5,2,1,8,7,7,7,5,6,6,0,2,0,2,0,0,Not tracked,Not tracked,Not tracked,Not tracked,Not tracked,Open,Open,Open,Open,Open,Open,Open,Open,Unknown,Not tracked,Unknown,Not tracked,Unknown,Not tracked,Not tracked,Not tracked,Not tracked,Open,Open,Unknown,Unknown,Unknown,Open,Open,Open,Not tracked,Not tracked,Not tracked,Not tracked,Not tracked,Not tracked,Perut,Perut,0.0785535967065106,-0.195739077726511,-0.110032894152445,-0.0366380427390605,-0.0390959646366774,-0.00586874455416382,-0.050096053586315,-0.20522251883525,0.0690974188427079,-0.0540188383538959,0.0213289016095728,-0.0147586213461446,-0.213419080684786,-0.0383890165396859,2.33459126024249,1.61394416668962,0.986114466563954,-2.17860041094929,-1.58212940704183,-1.23715656272736,0.226144798539515,Bola
8,8,1,5,8,8,8,7,8,8,7,4,4,1,1,7,1,0,0,3,5,6,2,1,8,7,7,7,7,6,4,5,5,2,5,0,Not tracked,Not tracked,Not tracked,Not tracked,Not tracked,Open,Open,Open,Open,Open,Open,Open,Not tracked,Not tracked,Not tracked,Not tracked,Not tracked,Not tracked,Not tracked,Not tracked,Not tracked,Not tracked,Not tracked,Open,Open,Open,Unknown,Open,Open,Open,Not tracked,Not tracked,Not tracked,Not tracked,Not tracked,Not tracked,Perut,Perut,0.0766264887974031,-0.198214974381292,-0.10583424705979,-0.0365732789649739,-0.0349748879065744,-0.0134963540153934,-0.0472248903773977,-0.201811736634313,0.0774749283011863,-0.0295560788431638,0.0219813583780437,-0.0170766283707262,-0.207317196685688,-0.0013441393483246,2.30271728190096,1.5207737854983,1.24352355359855,-2.12361207126478,-1.17620550123305,0.0992401894598725,0.217993475561525,Bola
0,0,8,1,8,8,8,8,7,4,1,0,7,0,0,0,0,0,0,8,7,1,1,1,7,7,7,6,5,6,7,2,0,0,3,0,Not tracked,Not tracked,Not tracked,Not tracked,Open,Open,Open,Open,Unknown,Open,Unknown,Not tracked,Not tracked,Not tracked,Not tracked,Not tracked,Not tracked,Not tracked,Not tracked,Not tracked,Not tracked,Not tracked,Open,Open,Unknown,Unknown,Open,Unknown,Open,Not tracked,Not tracked,Not tracked,Not tracked,Not tracked,Not tracked,Not tracked,Perut,Perut,0.0821285135777056,-0.197172638177258,-0.118495395751661,-0.0485159244156937,-0.0359715246640715,0.00351399016623907,-0.0543673580660389,-0.203105881573175,0.0971520813416996,-0.039432113301199,0.0358883710660568,-0.0199187952325202,-0.172147699907936,-0.0219817816485646,2.35582081366243,1.52775702234114,0.362928956230725,-2.18240375895251,-1.53683493553139,-1.2607264026732,0.182220539485225,Bola
7,8,2,5,8,8,8,8,0,3,3,2,3,7,7,0,0,8,0,0,2,3,1,7,8,7,7,6,6,5,0,1,8,1,0,8,Not tracked,Not tracked,Not tracked,Not tracked,Open,Open,Open,Open,Open,Open,Open,Not tracked,Not tracked,Not tracked,Not tracked,Not tracked,Not tracked,Not tracked,Not tracked,Not tracked,Not tracked,Not tracked,Open,Unknown,Unknown,Unknown,Unknown,Unknown,Open,Not tracked,Not tracked,Not tracked,Not tracked,Not tracked,Not tracked,Not tracked,Perut,Perut,0.0850591253771585,-0.190477017727146,-0.105513760993102,-0.0610698867893248,-0.0398880979073353,-0.0151801669398267,-0.0487324266129455,-0.198975163377033,0.0746431133706028,-0.0616508920361444,0.0337746769740571,-0.0199977443120145,-0.207837436108554,-0.0139439383791268,2.3253361983481,1.67830162922675,1.1068695785606,-2.11025662629921,-1.60694305726087,-0.685725367831442,0.213614693925103,Bola
1,4,5,8,8,8,8,8,7,7,3,3,3,0,3,0,1,0,5,5,5,7,3,7,8,7,7,7,6,4,6,5,6,0,4,0,Not tracked,Not tracked,Not tracked,Not tracked,Not tracked,Open,Unknown,Open,Not tracked,Open,Open,Open,Not tracked,Not tracked,Not tracked,Not tracked,Not tracked,Not tracked,Not tracked,Not tracked,Not tracked,Not tracked,Not tracked,Open,Unknown,Unknown,Unknown,Open,Open,Unknown,Not tracked,Not tracked,Not tracked,Not tracked,Not tracked,Not tracked,Perut,Perut,0.0793071979271433,-0.191679917159087,-0.131264271138697,-0.0600297190774813,-0.0411080027196482,-0.0145883379705507,-0.0546870118503596,-0.200527087871584,0.080962308704739,-0.0678236358898929,0.0301048521381683,-0.015555492897556,-0.177162151003015,-0.0217762205105313,2.29283095995005,1.65785807454478,0.661949718835155,-2.15106410306434,-1.67218269009894,0.447102780043505,0.186444939230182,Bola
0,0,0,5,8,8,0,7,7,0,3,4,4,0,0,2,3,0,7,0,8,5,2,8,8,7,7,7,5,6,3,0,0,0,0,0,Not tracked,Not tracked,Not tracked,Not tracked,Not tracked,Open,Unknown,Unknown,Open,Open,Open,Open,Unknown,Open,Not tracked,Not tracked,Not tracked,Not tracked,Not tracked,Not tracked,Not tracked,Not tracked,Not tracked,Open,Unknown,Unknown,Unknown,Lasso,Open,Open,Not tracked,Not tracked,Not tracked,Not tracked,Not tracked,Not tracked,Perut,Perut,0.0841474221646429,-0.194768886587752,-0.116701785309408,-0.0427786033077078,-0.0455863334088791,-0.0076274538325153,-0.0537413058847322,-0.197514641329766,0.0864156196862427,-0.063550656552497,0.0258362458927269,-0.00876543035826544,-0.186865615305639,-0.0278271172364037,2.33374610720506,1.64493209590148,1.52611221689574,-2.16546123040261,-1.62076967202702,-1.08201568406156,0.205602676697508,Bola
0,0,0,4,4,8,8,8,7,7,4,1,0,7,1,7,0,3,0,5,5,5,3,3,8,7,7,7,6,5,6,1,5,1,5,1,Not tracked,Not tracked,Not tracked,Not tracked,Not tracked,Open,Open,Unknown,Unknown,Open,Open,Open,Not tracked,Not tracked,Not tracked,Not tracked,Not tracked,Not tracked,Not tracked,Not tracked,Not tracked,Not tracked,Not tracked,Open,Open,Unknown,Unknown,Open,Open,Unknown,Not tracked,Not tracked,Not tracked,Not tracked,Not tracked,Not tracked,Perut,Perut,0.0831707617267956,-0.191799135738549,-0.133241716258595,-0.0445216278696586,-0.0437662870391355,-0.0143785403842365,-0.0528817029412426,-0.199375406703605,0.0824004338801734,-0.0595430737931249,0.028495451274798,-0.0105212619543963,-0.175190711536268,-0.0224396421454557,2.31753619407836,1.56801091689332,0.664299595942382,-2.14956661185858,-1.49031160663956,-0.464246524429208,0.185151922350972,Bola
8,8,0,1,8,1,8,7,7,3,4,1,0,0,1,0,0,0,7,7,3,2,1,7,8,7,7,6,5,5,5,5,1,0,0,0,Not tracked,Not tracked,Not tracked,Not tracked,Not tracked,Not tracked,Not tracked,Open,Open,Open,Open,Unknown,Not tracked,Not tracked,Not tracked,Not tracked,Not tracked,Not tracked,Not tracked,Not tracked,Not tracked,Not tracked,Not tracked,Not tracked,Unknown,Unknown,Open,Open,Open,Not tracked,Not tracked,Not tracked,Not tracked,Not tracked,Not tracked,Not tracked,Perut,Perut,0.0767547433812999,-0.195605531548293,-0.129256714340516,-0.0595700452186016,-0.0367712857510871,-0.0176216261217844,-0.0550800473039234,-0.198315983519544,0.104511123163338,-0.0655428631609201,0.0427359847576333,-0.0158478128320666,-0.142088630876007,-0.0109011011707071,2.30231681159235,1.69037235509378,0.739980613222554,-2.20435779789659,-2.04311238700062,-1.2626696585861,0.154690956107067,Bola
0,0,0,3,8,8,8,7,7,3,3,4,1,1,0,0,0,0,0,0,0,8,1,8,7,7,7,6,6,5,0,1,1,0,0,0,Not tracked,Not tracked,Not tracked,Not tracked,Unknown,Open,Open,Open,Unknown,Open,Open,Open,Not tracked,Not tracked,Not tracked,Not tracked,Not tracked,Not tracked,Not tracked,Not tracked,Not tracked,Not tracked,Unknown,Unknown,Unknown,Open,Unknown,Open,Open,Open,Not tracked,Not tracked,Not tracked,Not tracked,Not tracked,Not tracked,Perut,Perut,0.0796320762050361,-0.188489042543008,-0.0958126865094588,-0.0433213901449612,-0.0424103134930858,-0.0152117118367162,-0.0573633346473312,-0.199953221764432,0.0687364200878705,-0.0479317461989144,0.0272982217988232,-0.0115513281342241,-0.227280239746556,-0.0144694750325196,2.34266945218735,1.59455810302652,1.41748815424652,-2.21235988555206,-1.18351407321568,-2.22787079519186,0.230289390165493,Bola
0,0,8,8,8,8,8,7,3,3,4,1,1,0,0,0,3,0,1,3,1,8,8,7,7,7,6,6,4,7,1,0,1,0,0,0,Not tracked,Not tracked,Not tracked,Open,Open,Open,Open,Open,Open,Open,Open,Not tracked,Not tracked,Not tracked,Not tracked,Not tracked,Not tracked,Not tracked,Not tracked,Not tracked,Not tracked,Open,Open,Unknown,Unknown,Unknown,Open,Open,Unknown,Not tracked,Not tracked,Not tracked,Not tracked,Not tracked,Not tracked,Not tracked,Perut,Perut,0.0719342243390288,-0.196902473403972,-0.108494796847485,-0.0548144830595823,-0.0331225087081413,-0.014033658662131,-0.055204537073537,-0.195832033937901,0.0610760116691075,-0.0632758818388587,0.0221471728277451,-0.0242097591148396,-0.229924451104071,-0.0223463743064589,2.24467138512483,1.63014055439653,-0.110532640767186,-2.16798410990703,-1.2572626253433,-1.12012453441891,0.232564218770336,Bola
8,8,8,8,8,8,8,7,8,7,8,0,3,1,4,2,1,8,0,3,0,1,1,1,0,0,7,7,7,0,6,5,5,5,3,0,Not tracked,Not tracked,Not tracked,Not tracked,Open,Open,Open,Open,Open,Open,Open,Open,Open,Unknown,Not tracked,Not tracked,Not tracked,Not tracked,Not tracked,Not tracked,Not tracked,Not tracked,Open,Open,Open,Open,Open,Open,Unknown,Open,Unknown,Open,Not tracked,Not tracked,Not tracked,Not tracked,Dada,Dada,0.0805555555555555,-0.154444444444445,-0.0583333333333333,0.0763888888888889,-0.0291666666666667,0.0325,-0.0788888888888889,-0.155277777777778,0.0466666666666667,0.0741666666666667,0.0113888888888889,0.0347222222222222,-0.321388888888889,-0.00472222222222222,2.422524285388,-0.180664121819995,1.55317667235336,-2.42633906341468,0.320206847796085,-1.705309291233,0.32208498630313,Bingkai
2,0,1,8,8,8,8,8,8,8,7,8,7,1,1,1,0,0,8,3,1,1,1,1,1,8,8,7,7,7,7,6,5,5,0,0,Not tracked,Not tracked,Not tracked,Open,Open,Open,Open,Open,Open,Open,Open,Open,Open,Open,Unknown,Not tracked,Not tracked,Not tracked,Not tracked,Not tracked,Not tracked,Unknown,Open,Open,Open,Open,Open,Open,Open,Open,Open,Open,Unknown,Not tracked,Not tracked,Not tracked,Dada,Dada,0.0794598765432099,-0.140401234567901,-0.0568981481481481,0.0929552469135803,-0.016087962962963,0.0314583333333333,-0.0858024691358025,-0.144313271604938,0.0435185185185185,0.0984490740740741,0.0175385802469136,0.0456867283950617,-0.347538580246914,0.0123688271604938,2.56912145238209,-0.373561377113197,0.971539184755981,-2.59295980087353,0.424725115945255,0.125457594059801,0.354230353026985,Bingkai
0,0,0,8,8,8,8,8,8,8,7,7,3,1,4,1,3,8,0,7,8,2,1,1,8,1,7,7,7,7,6,6,5,4,5,1,Not tracked,Not tracked,Not tracked,Open,Open,Open,Open,Open,Open,Open,Open,Unknown,Open,Unknown,Unknown,Not tracked,Not tracked,Not tracked,Not tracked,Not tracked,Not tracked,Unknown,Open,Open,Open,Open,Open,Open,Open,Open,Open,Open,Open,Not tracked,Not tracked,Not tracked,Dada,Dada,0.0924849965706447,-0.130288923182442,-0.0551916152263375,0.101470979080933,-0.022113554526749,0.0317071759259259,-0.0929389574759945,-0.132619813100137,0.0337088477366255,0.0991235853909465,0.00409829389574761,0.0332135202331962,-0.375764960562414,-0.00687864368998628,2.69270918720822,-0.366054488912491,0.136530516189915,-2.51782969314741,0.321676476031772,-1.33902860844877,0.376760393294736,Bingkai
8,1,0,8,8,8,8,8,8,7,7,7,7,7,1,1,4,1,0,0,0,1,2,8,1,1,1,7,7,7,7,7,5,5,5,3,Not tracked,Not tracked,Not tracked,Not tracked,Not tracked,Open,Open,Open,Open,Open,Open,Unknown,Open,Unknown,Unknown,Unknown,Not tracked,Not tracked,Not tracked,Not tracked,Not tracked,Not tracked,Not tracked,Unknown,Open,Open,Open,Open,Open,Open,Unknown,Unknown,Open,Unknown,Unknown,Not tracked,Dada,Dada,0.100346805460296,-0.129452470088401,-0.0393108782007316,0.103374193863359,-0.0214475987368541,0.0361585326646091,-0.107026082152111,-0.122294994808337,0.0351030235482396,0.091920099594193,0.00816939705265966,0.0337003755620332,-0.409049026682289,-0.00880218454694407,2.7406757867761,-0.699829737570692,-0.992395236418697,-2.78460371199334,0.749445847768964,-0.885517843506066,0.409815284843258,Bingkai
6,8,8,8,8,8,8,8,8,7,3,7,3,1,4,0,0,1,4,0,8,1,1,1,1,1,0,7,6,7,6,5,5,0,0,0,Not tracked,Not tracked,Not tracked,Open,Open,Open,Open,Open,Open,Open,Open,Open,Open,Unknown,Unknown,Not tracked,Not tracked,Not tracked,Not tracked,Not tracked,Unknown,Unknown,Open,Open,Open,Open,Open,Open,Open,Open,Unknown,Open,Unknown,Not tracked,Not tracked,Not tracked,Dada,Dada,0.100287411262786,-0.132207013058011,-0.0502586355055759,0.103149283162871,-0.0161513221871348,0.0354488481295725,-0.0999173911708919,-0.132285972078009,0.0384750839874511,0.100608891655394,-0.00199529452631501,0.0331583437656121,-0.404140250741175,-0.007744505126304,2.72877644633163,-0.537696454264467,0.0411657127420177,-2.7349141472539,0.546798299947677,-1.06815648061521,0.404871301261806,Bingkai
0,0,3,8,8,8,8,8,3,8,7,7,7,7,1,1,1,1,3,4,3,1,1,1,8,1,5,7,7,7,7,7,5,5,5,5,Not tracked,Not tracked,Not tracked,Open,Open,Open,Open,Open,Open,Open,Unknown,Unknown,Unknown,Unknown,Unknown,Unknown,Unknown,Not tracked,Not tracked,Not tracked,Not tracked,Unknown,Open,Open,Open,Open,Open,Open,Open,Open,Unknown,Unknown,Unknown,Unknown,Unknown,Not tracked,Dada,Dada,0.0972302058684107,-0.134505750362723,-0.0308405176529327,0.101198591198969,-0.0168375367274204,0.0362624680035993,-0.103053260865858,-0.130619054779945,0.0205131967774292,0.0947391358793165,0.00911124181871346,0.0411988428823781,-0.430115006965033,-0.00354845847573067,2.68322682883524,-0.719172302867181,-0.830148218668941,-2.75442419644642,0.727330326074623,-1.26930886908553,0.430873055627313,Bingkai
0,7,0,0,4,8,8,8,8,8,8,8,7,8,7,4,1,1,0,0,0,8,3,1,1,8,0,7,7,7,7,7,7,5,5,5,Not tracked,Not tracked,Not tracked,Not tracked,Not tracked,Open,Open,Open,Open,Open,Open,Open,Open,Unknown,Unknown,Lasso,Unknown,Not tracked,Not tracked,Not tracked,Not tracked,Not tracked,Not tracked,Unknown,Open,Open,Open,Open,Open,Open,Open,Unknown,Unknown,Unknown,Unknown,Not tracked,Dada,Dada,0.109923061274123,-0.125125159732298,-0.0425233477125815,0.114477738644416,-0.0179677093535395,0.0404517352223222,-0.106473701690718,-0.114739418188332,0.0377920332438175,0.11318719821887,0.00525309005051983,0.0375333011911772,-0.408336527971251,-0.00426523495765919,2.80307919050704,-0.516530334011103,-1.06712828538953,-0.47268839532233,0.63225221185044,0.660974510686025,0.408610541957903,Bingkai
0,0,0,8,8,8,8,8,7,7,3,8,1,4,1,3,7,0,0,0,0,3,1,1,1,1,7,7,6,7,5,5,5,3,2,0,Not tracked,Not tracked,Not tracked,Open,Open,Open,Open,Open,Open,Open,Open,Open,Open,Unknown,Open,Not tracked,Not tracked,Not tracked,Not tracked,Not tracked,Not tracked,Not tracked,Open,Open,Open,Open,Open,Open,Open,Open,Open,Unknown,Open,Not tracked,Not tracked,Not tracked,Dada,Dada,0.0961089739242812,-0.140420143325897,-0.0511812041031273,0.0859577149623449,-0.0274435474820428,0.0294569926450645,-0.0940687139358533,-0.134853872727454,0.0396608898123283,0.0831440888394131,0.00375703027918111,0.0307648139219772,-0.370231570221424,-0.00511847874882387,2.65905809626885,-0.456841136485616,-0.79472506865633,-2.63666647578627,0.297897298201503,-0.441301672604153,0.370920759888383,Bingkai
0,0,0,8,8,8,8,8,7,3,7,7,7,1,2,4,1,8,0,0,1,1,1,8,1,1,7,6,7,7,7,5,5,5,5,7,Not tracked,Not tracked,Not tracked,Unknown,Unknown,Open,Open,Open,Open,Open,Unknown,Unknown,Open,Open,Unknown,Unknown,Not tracked,Not tracked,Not tracked,Not tracked,Not tracked,Not tracked,Open,Open,Open,Open,Open,Open,Open,Open,Open,Open,Open,Unknown,Unknown,Not tracked,Dada,Dada,0.0979474714978967,-0.134456115092386,-0.0280883667806424,0.0940543809711763,-0.0143734318745012,0.0366515831290296,-0.102613019831551,-0.132079274242429,0.028323913605898,0.0934206691344281,-0.000451193603356071,0.0327990226089438,-0.430006432506151,-0.0104199577430229,2.70582592396444,-0.928028431512742,-0.656610975409519,-2.5948234832639,0.838896414408552,0.0929999257325168,0.430598018529353,Bingkai
0,8,8,8,8,8,8,7,8,7,7,7,4,4,4,1,2,1,0,0,3,1,1,1,1,7,7,7,7,7,5,5,5,1,0,0,Not tracked,Not tracked,Unknown,Unknown,Open,Open,Open,Open,Open,Unknown,Open,Open,Open,Lasso,Unknown,Not tracked,Not tracked,Not tracked,Not tracked,Not tracked,Unknown,Unknown,Open,Open,Open,Open,Open,Open,Open,Open,Open,Unknown,Unknown,Not tracked,Not tracked,Not tracked,Dada,Dada,0.0988318742082749,-0.142901558752566,-0.0357802324105734,0.0862237328047549,-0.0198437064409584,0.0293514328646953,-0.0956281394397653,-0.140335535395623,0.0313423309334972,0.0870394630315119,0.00248746684435122,0.0311888617391373,-0.411111289791838,-0.00334499882619508,2.65433787912419,-0.405721409806066,-0.348038270435212,-2.67095599005181,0.415803565211771,-0.307361145985513,0.41195762704265,Bingkai
0,5,7,8,8,8,8,7,7,8,7,7,7,1,4,4,0,0,3,3,3,1,1,8,1,7,7,7,7,7,7,5,5,5,1,1,Not tracked,Not tracked,Not tracked,Open,Open,Open,Open,Open,Open,Unknown,Open,Open,Open,Open,Unknown,Unknown,Not tracked,Not tracked,Not tracked,Not tracked,Unknown,Open,Open,Open,Open,Open,Open,Open,Open,Open,Open,Open,Unknown,Unknown,Not tracked,Not tracked,Dada,Dada,0.106078663172452,-0.133969487743127,-0.0193272286780715,0.0885062148001321,-0.0130512140678044,0.0399819842462416,-0.104323003873327,-0.133064875983212,0.0105928425259305,0.0949177628619864,-0.00215312592099025,0.0328108017149761,-0.474753091383106,-0.00592624996739431,2.54565215033099,-0.872284703196864,0.0882136611462309,-2.72891439344515,0.900281140019288,-0.67694793667857,0.475216690830518,Bingkai
3,3,8,8,8,8,8,8,8,7,8,7,7,3,1,1,1,2,3,3,0,1,1,1,1,1,7,7,7,7,7,5,6,5,5,3,Not tracked,Not tracked,Not tracked,Unknown,Open,Open,Open,Open,Open,Open,Unknown,Open,Open,Open,Open,Lasso,Not tracked,Not tracked,Not tracked,Not tracked,Not tracked,Open,Open,Open,Open,Open,Open,Open,Open,Open,Open,Open,Open,Unknown,Not tracked,Not tracked,Kepala,Dada,0.10516885175479,-0.129276930215087,-0.0222035341299464,0.108291839300004,-0.00841808927966123,0.0424994995623956,-0.105675638996481,-0.125918468777311,0.0139053567368314,0.111803271190611,0.00216241316886138,0.0386891889365271,-0.46485425253842,-0.00155350694353873,2.75125639083826,-0.851298423850026,-0.64703126773981,-2.73520117334788,0.814728529565222,-0.522894766367094,0.465227822774973,Bingkai
8,8,5,8,3,8,8,8,8,8,7,7,7,7,0,4,1,1,0,1,3,8,3,8,8,1,1,7,7,7,7,7,5,5,5,1,Not tracked,Not tracked,Not tracked,Open,Open,Unknown,Open,Open,Open,Open,Unknown,Unknown,Open,Open,Open,Unknown,Not tracked,Not tracked,Not tracked,Not tracked,Not tracked,Unknown,Unknown,Unknown,Open,Open,Open,Open,Open,Open,Open,Open,Open,Unknown,Not tracked,Not tracked,Dada,Dada,0.0973658014376331,-0.136091025839308,-0.0314500981702763,0.109396995536111,-0.0155116135911017,0.0325694305433999,-0.0976576566387911,-0.13155329079937,0.0270529265760231,0.110050090866406,0.0058934003658017,0.0410746996926813,-0.417912618126067,0.0055124025849017,2.67899107687234,-0.586012758239858,0.398612340808435,-2.70801615260117,0.620175083757533,-0.920328622370066,0.420526210110826,Bingkai
3,8,0,8,8,8,8,8,8,7,7,7,7,7,7,1,1,4,0,0,4,0,8,1,1,1,1,7,7,7,7,7,7,7,4,5,Not tracked,Not tracked,Not tracked,Not tracked,Open,Open,Open,Open,Open,Open,Open,Open,Open,Open,Open,Open,Unknown,Unknown,Not tracked,Not tracked,Not tracked,Not tracked,Open,Open,Open,Open,Open,Open,Open,Open,Open,Open,Open,Open,Open,Unknown,Dada,Dada,0.110760161151045,-0.124058084051092,-0.013651391615841,0.124427694320448,-0.0118197670441973,0.0456269286262056,-0.105768268239966,-0.127265369188871,0.0196403590715562,0.1344458358574,0.00460815001016117,0.0478076305470189,-0.469386461614613,0.0115420111829139,2.81474063931134,-0.924224878039751,-1.51729717573045,-2.71504856772558,0.853027224679594,-0.25167867860167,0.470313001297741,Bingkai
0,5,0,8,8,8,8,7,8,7,7,7,4,4,1,0,2,0,5,4,0,2,2,1,8,7,7,7,7,7,5,5,5,1,0,5,Not tracked,Not tracked,Not tracked,Not tracked,Not tracked,Unknown,Open,Open,Open,Unknown,Unknown,Open,Open,Unknown,Not tracked,Not tracked,Not tracked,Not tracked,Not tracked,Not tracked,Not tracked,Not tracked,Unknown,Unknown,Open,Open,Open,Open,Open,Open,Open,Unknown,Not tracked,Not tracked,Not tracked,Not tracked,Dada,Dada,0.103076671143085,-0.133723835668086,-0.0459347608782178,0.0809563248422347,-0.0189394379734499,0.0340451924618391,-0.0859935630066657,-0.136868482477469,0.0508233433075432,0.0895679398849278,0.00762800416694892,0.0310502119596394,-0.363871846155961,4.28336439698302E-05,2.74047113155945,-0.410616882905647,-0.426951474315605,-2.26717315816574,0.254484940858243,-0.593084866773252,0.366016762848992,Bingkai
7,0,0,3,0,0,0,7,0,0,7,0,0,0,3,0,0,0,0,0,0,0,0,1,0,1,0,0,1,0,0,0,5,5,0,0,Not tracked,Not tracked,Not tracked,Not tracked,Not tracked,Not tracked,Not tracked,Not tracked,Not tracked,Not tracked,Not tracked,Not tracked,Not tracked,Not tracked,Not tracked,Not tracked,Not tracked,Not tracked,Not tracked,Not tracked,Not tracked,Not tracked,Not tracked,Not tracked,Not tracked,Not tracked,Not tracked,Not tracked,Not tracked,Not tracked,Not tracked,Not tracked,Not tracked,Not tracked,Not tracked,Not tracked,Perut,Dada,-0.0472222222222222,-0.14,-0.193611111111111,0.13,-0.0516666666666667,0.0288888888888889,-0.04,-0.226944444444444,-0.02,-0.209166666666667,0.00972222222222223,-0.0727777777777778,-0.0477777777777778,-0.547777777777778,1.3984696275062,1.30427144403648,-2.88404614324079,-1.99041060519282,-3.06259553267615,-2.907831600855,0.549876746974245,Mayor 1
0,3,0,0,3,7,7,3,0,0,0,0,7,0,3,3,7,0,0,5,0,5,5,0,0,1,1,0,0,7,3,3,7,0,7,0,Not tracked,Not tracked,Not tracked,Not tracked,Not tracked,Not tracked,Not tracked,Not tracked,Not tracked,Not tracked,Not tracked,Not tracked,Not tracked,Not tracked,Not tracked,Not tracked,Not tracked,Not tracked,Not tracked,Not tracked,Not tracked,Not tracked,Not tracked,Not tracked,Not tracked,Not tracked,Not tracked,Not tracked,Not tracked,Not tracked,Not tracked,Not tracked,Not tracked,Not tracked,Not tracked,Not tracked,Perut,Dada,-0.0332561728395062,-0.142222222222222,-0.203989197530864,0.127222222222222,-0.0611574074074074,0.0333024691358025,-0.0411111111111111,-0.226304012345679,-0.0205555555555556,-0.215810185185185,0.0102700617283951,-0.0831327160493827,-0.0510493827160494,-0.564104938271605,1.48282055335368,1.27711320100482,-1.23897706487454,-2.00950745573962,-3.14176295826996,-3.00168400946274,0.566455606115835,Mayor 1
7,0,7,7,3,3,0,0,0,0,0,0,0,7,0,0,0,0,0,1,1,0,0,0,3,7,7,0,0,0,3,0,5,0,0,0,Not tracked,Not tracked,Not tracked,Not tracked,Not tracked,Not tracked,Not tracked,Not tracked,Not tracked,Not tracked,Not tracked,Not tracked,Not tracked,Not tracked,Not tracked,Not tracked,Not tracked,Not tracked,Not tracked,Not tracked,Not tracked,Not tracked,Not tracked,Not tracked,Not tracked,Not tracked,Not tracked,Not tracked,Not tracked,Not tracked,Not tracked,Not tracked,Not tracked,Not tracked,Not tracked,Not tracked,Perut,Dada,-0.0409237825788752,-0.143950617283951,-0.202055255486969,0.133533950617284,-0.0575321502057614,0.026758401920439,-0.0369753086419753,-0.219619555898491,-0.0175154320987654,-0.214605838477366,0.00834083504801098,-0.0906425754458161,-0.049195816186557,-0.561780692729767,1.45050444402451,1.29964682894403,-3.02020992584682,-2.00517160292072,-3.14310531676363,-3.05417167974633,0.563971457653688,Mayor 1
0,3,0,7,3,0,0,0,0,0,7,3,0,0,0,0,0,7,0,7,0,0,3,0,0,3,0,0,7,3,3,0,0,3,0,0,Not tracked,Not tracked,Not tracked,Not tracked,Not tracked,Not tracked,Not tracked,Not tracked,Not tracked,Not tracked,Not tracked,Not tracked,Not tracked,Not tracked,Not tracked,Not tracked,Not tracked,Not tracked,Not tracked,Not tracked,Not tracked,Not tracked,Not tracked,Not tracked,Not tracked,Not tracked,Not tracked,Not tracked,Not tracked,Not tracked,Not tracked,Not tracked,Not tracked,Not tracked,Not tracked,Not tracked,Perut,Dada,-0.0439145495160799,-0.143998628257887,-0.20172375709686,0.133709276406036,-0.0524314486168267,0.0193544000533455,-0.0426937585733882,-0.221656098774958,-0.00770876200274349,-0.210405717735482,0.00912057875133365,-0.0933511826512727,-0.0516443282274044,-0.555049463686938,1.44037429456328,1.31759409142416,-2.98443560715618,-2.03517719069117,-3.07149314463854,-2.91367995600505,0.557456966130564,Mayor 1
0,0,0,0,3,7,0,0,0,0,0,0,0,0,0,0,0,7,7,0,0,1,7,3,1,7,7,0,3,6,3,0,6,2,7,3,Not tracked,Not tracked,Not tracked,Not tracked,Not tracked,Not tracked,Not tracked,Not tracked,Not tracked,Not tracked,Not tracked,Not tracked,Not tracked,Not tracked,Not tracked,Not tracked,Not tracked,Not tracked,Not tracked,Not tracked,Not tracked,Not tracked,Not tracked,Not tracked,Not tracked,Not tracked,Not tracked,Not tracked,Not tracked,Not tracked,Not tracked,Not tracked,Not tracked,Not tracked,Not tracked,Not tracked,Perut,Dada,-0.0487198485976689,-0.145666628562719,-0.198103437697135,0.135380813233501,-0.0531230957949119,0.0235931777792596,-0.0472970488492608,-0.213934891632638,-0.00354746561118732,-0.215289047714875,0.00969779385420372,-0.103981977295869,-0.0497678980063168,-0.567084707324637,1.42524010052536,1.33096602158654,-3.04042125747462,-2.07626375195246,-3.02275779414281,-3.11201993944916,0.569280326468804,Mayor 1
7,3,3,0,0,0,0,7,7,7,0,3,0,0,3,3,7,0,0,0,0,0,0,0,0,0,0,0,0,0,0,0,3,0,0,0,Not tracked,Not tracked,Not tracked,Not tracked,Not tracked,Not tracked,Not tracked,Not tracked,Not tracked,Not tracked,Not tracked,Not tracked,Not tracked,Not tracked,Not tracked,Not tracked,Not tracked,Not tracked,Not tracked,Not tracked,Not tracked,Not tracked,Not tracked,Not tracked,Not tracked,Not tracked,Not tracked,Not tracked,Not tracked,Not tracked,Not tracked,Not tracked,Not tracked,Not tracked,Not tracked,Not tracked,Perut,Dada,-0.0419088846832686,-0.153768517460076,-0.203280651047143,0.139593911478708,-0.0531423082165254,0.034266477160535,-0.0454804735791462,-0.222887080323129,-0.00620965182253299,-0.215702473547635,0.0102693831626168,-0.0901106104804408,-0.0516602193890644,-0.569363464092351,1.49757532580909,1.27033402804214,-1.45376525682294,-2.06501728433843,-3.05092745068208,-3.07788157795276,0.571710537064478,Mayor 1
3,7,0,0,3,3,0,0,0,0,0,0,0,0,3,0,7,0,0,0,0,0,3,5,0,1,0,3,3,0,0,0,0,0,0,0,Not tracked,Not tracked,Not tracked,Not tracked,Not tracked,Not tracked,Not tracked,Not tracked,Not tracked,Not tracked,Not tracked,Not tracked,Not tracked,Not tracked,Not tracked,Not tracked,Not tracked,Not tracked,Not tracked,Not tracked,Not tracked,Not tracked,Not tracked,Not tracked,Not tracked,Not tracked,Not tracked,Not tracked,Not tracked,Not tracked,Not tracked,Not tracked,Not tracked,Not tracked,Not tracked,Not tracked,Perut,Dada,-0.0461641356856464,-0.150938014373891,-0.199813351417976,0.13971094198552,-0.0534206196726813,0.024285179921126,-0.0457077909327541,-0.222024641120087,-0.00572804588395925,-0.215991735376323,0.010285260643406,-0.0900030725133455,-0.0503238949830296,-0.561648985113677,1.45602509425819,1.29397097338225,-2.99197923313875,-2.0781829307953,-3.04772934606514,-3.08245353132024,0.563913550900713,Mayor 1
0,3,0,8,0,0,0,3,0,3,3,3,3,7,7,0,0,0,3,5,5,0,1,0,0,1,5,5,0,0,0,0,7,0,0,0,Not tracked,Not tracked,Not tracked,Not tracked,Not tracked,Not tracked,Not tracked,Not tracked,Not tracked,Not tracked,Not tracked,Not tracked,Not tracked,Not tracked,Not tracked,Not tracked,Not tracked,Not tracked,Not tracked,Not tracked,Not tracked,Not tracked,Not tracked,Not tracked,Not tracked,Not tracked,Not tracked,Not tracked,Not tracked,Not tracked,Not tracked,Not tracked,Not tracked,Not tracked,Not tracked,Not tracked,Perut,Dada,-0.0335045593246013,-0.149192722621497,-0.203605926428277,0.133325303944042,-0.0548172394353523,0.0251190327755868,-0.0468252164147988,-0.208945128920003,-0.00460355683010998,-0.207110881538231,0.00889681279565017,-0.081111196458704,-0.0591756637495286,-0.526990249586491,1.54560038751714,1.24630158781132,-3.07456186182898,-2.08324847796181,-3.0244859818451,-3.09355768513474,0.530353724331343,Mayor 1
7,3,3,7,7,7,3,0,3,0,0,0,0,0,0,0,0,0,0,0,0,0,8,0,0,5,0,0,1,0,0,0,0,0,0,0,Not tracked,Not tracked,Not tracked,Not tracked,Not tracked,Not tracked,Not tracked,Not tracked,Not tracked,Not tracked,Not tracked,Not tracked,Not tracked,Not tracked,Not tracked,Not tracked,Not tracked,Not tracked,Not tracked,Not tracked,Not tracked,Not tracked,Not tracked,Not tracked,Unknown,Unknown,Unknown,Unknown,Closed,Closed,Closed,Unknown,Not tracked,Not tracked,Not tracked,Not tracked,Perut,Dada,-0.0331529044256834,-0.153588686739486,-0.203433497956341,0.135370147331779,-0.0554115899843154,0.0293088620215441,-0.0465784782337444,-0.209692920247778,-0.00485009880083639,-0.217419746709395,0.0102471336887681,-0.0830864221238529,-0.057754879548598,-0.541860840266292,1.53731483668994,1.23025912290238,-3.12668888833199,-2.06912292598944,-3.02612888738381,-3.07739086184738,0.544981867773246,Mayor 1
0,0,0,0,0,0,0,0,0,0,0,0,0,0,0,0,0,0,3,0,3,0,0,3,3,0,7,4,7,5,0,0,5,5,4,0,Not tracked,Not tracked,Not tracked,Not tracked,Not tracked,Not tracked,Not tracked,Not tracked,Not tracked,Not tracked,Not tracked,Not tracked,Not tracked,Not tracked,Not tracked,Not tracked,Not tracked,Not tracked,Not tracked,Not tracked,Not tracked,Not tracked,Not tracked,Not tracked,Not tracked,Not tracked,Not tracked,Not tracked,Not tracked,Not tracked,Not tracked,Not tracked,Not tracked,Not tracked,Not tracked,Not tracked,Perut,Dada,-0.0242542473451579,-0.145655241298319,-0.207317597165454,0.130704726314772,-0.0562614330551199,0.0149808017228207,-0.0421271799509374,-0.231935914451327,-0.00930139163335657,-0.215483881853039,0.0102846426024658,-0.0867524006145515,-0.0518820799874611,-0.554773912229619,1.58411947353049,1.20612344443194,-2.89598666775596,-2.03763809388325,-3.09010644930117,-3.06424001214838,0.557244862035443,Mayor 1
3,7,0,0,0,0,0,0,0,0,0,0,0,0,0,0,3,7,0,7,3,1,0,3,0,7,0,0,3,0,0,0,3,0,0,0,Not tracked,Not tracked,Not tracked,Not tracked,Not tracked,Not tracked,Not tracked,Not tracked,Not tracked,Not tracked,Not tracked,Not tracked,Not tracked,Not tracked,Not tracked,Not tracked,Not tracked,Not tracked,Not tracked,Not tracked,Not tracked,Not tracked,Not tracked,Not tracked,Not tracked,Not tracked,Not tracked,Not tracked,Not tracked,Not tracked,Not tracked,Not tracked,Not tracked,Unknown,Closed,Closed,Perut,Dada,-0.0303959513151433,-0.148490423369398,-0.204369933254596,0.132241797953188,-0.0543405953626422,0.0229161333811895,-0.0395035327764149,-0.225053775401426,-0.0119250386564821,-0.214874552273696,0.0102856845167352,-0.0943542333504042,-0.0603300577774295,-0.561521497561934,1.56508642935174,1.23203944344022,-2.85764242149911,-2.03542278111421,-3.10641873206078,-3.05837421194395,0.564781172674734,Mayor 1
7,0,3,0,0,0,0,0,0,8,8,0,0,0,0,0,0,1,0,0,0,0,0,0,0,0,0,0,0,0,0,0,0,0,0,0,Not tracked,Not tracked,Not tracked,Not tracked,Not tracked,Not tracked,Not tracked,Not tracked,Not tracked,Not tracked,Not tracked,Not tracked,Not tracked,Not tracked,Not tracked,Not tracked,Not tracked,Not tracked,Closed,Closed,Open,Not tracked,Not tracked,Closed,Not tracked,Not tracked,Not tracked,Open,Closed,Unknown,Closed,Unknown,Unknown,Unknown,Closed,Closed,Perut,Dada,-0.0222332208698651,-0.149124733982483,-0.204288053701517,0.132562272165366,-0.0615094609822957,0.0267476703716997,-0.0430417647993449,-0.233195938205595,-0.0108868066293467,-0.214579848674269,0.00667460234768709,-0.0831765064819557,-0.0577869460493731,-0.561708930487832,1.62068986983935,1.17584921514222,-3.05403619292735,-2.05676338733773,-3.09397874986092,-3.09594987524102,0.564700800537775,Mayor 1
0,0,0,0,0,0,0,0,0,0,0,0,7,3,7,0,7,7,0,0,0,0,0,0,1,1,0,0,0,0,0,5,0,1,0,1,Not tracked,Not tracked,Not tracked,Not tracked,Not tracked,Not tracked,Not tracked,Not tracked,Not tracked,Not tracked,Not tracked,Not tracked,Not tracked,Not tracked,Not tracked,Not tracked,Not tracked,Not tracked,Not tracked,Not tracked,Not tracked,Not tracked,Not tracked,Not tracked,Not tracked,Not tracked,Not tracked,Not tracked,Not tracked,Not tracked,Not tracked,Not tracked,Not tracked,Not tracked,Not tracked,Not tracked,Perut,Dada,-0.0211731450241629,-0.147753464832847,-0.20511911260282,0.130071174226816,-0.0567085961383971,0.0296318797325472,-0.0459178267999818,-0.223699887172378,-0.00724685573970408,-0.214849440240952,0.0101854056207691,-0.0898104585133876,-0.0582718596124826,-0.559214136957996,1.64569044084276,1.18104436399705,-1.57728055823114,-2.07109989546665,-3.05539694649295,-3.0768004829366,0.562299478363612,Mayor 1
0,0,0,0,0,0,7,0,0,0,7,0,0,5,0,0,0,0,0,0,0,0,0,0,0,0,0,0,7,0,0,5,8,0,0,0,Not tracked,Not tracked,Not tracked,Not tracked,Not tracked,Not tracked,Not tracked,Not tracked,Not tracked,Not tracked,Not tracked,Not tracked,Not tracked,Not tracked,Not tracked,Not tracked,Not tracked,Not tracked,Not tracked,Not tracked,Not tracked,Not tracked,Not tracked,Not tracked,Not tracked,Not tracked,Not tracked,Not tracked,Not tracked,Not tracked,Not tracked,Not tracked,Not tracked,Not tracked,Not tracked,Not tracked,Perut,Dada,-0.0205881429173379,-0.149659818467579,-0.202919975350078,0.140557532617412,-0.0579641276705111,0.0272119966592374,-0.0521088285222217,-0.208713885754788,-0.00409019043721401,-0.214023595562249,0.010560705711688,-0.0952725127364829,-0.0624519961003467,-0.552478170471056,1.66991474719213,1.13338024268169,-2.82780589579264,-2.1154225281723,-2.99847975662522,-3.09242041391896,0.556087377479599,Mayor 1
0,0,0,0,0,0,0,3,0,0,0,0,7,7,0,0,0,0,0,0,0,0,0,0,3,0,0,0,0,0,0,0,4,0,0,0,Not tracked,Not tracked,Not tracked,Not tracked,Not tracked,Not tracked,Not tracked,Not tracked,Not tracked,Not tracked,Not tracked,Not tracked,Not tracked,Not tracked,Not tracked,Not tracked,Not tracked,Not tracked,Not tracked,Not tracked,Not tracked,Not tracked,Not tracked,Not tracked,Not tracked,Not tracked,Not tracked,Not tracked,Not tracked,Not tracked,Not tracked,Not tracked,Not tracked,Not tracked,Not tracked,Not tracked,Perut,Dada,-0.0205718928588149,-0.152490550512988,-0.198692221537502,0.141959931461595,-0.0599434479908476,0.0221447776849788,-0.0528363563478395,-0.2074642746043,-0.00178028306770039,-0.216778433210062,0.010015575158658,-0.106257569798236,-0.0609014443361208,-0.562568838068641,1.64822240561694,1.11551819033172,-2.75236927264324,-2.11518343927812,-2.98221623603156,-3.12435204820345,0.565985694287164,Mayor 1
0,0,0,0,0,0,0,0,0,0,0,0,0,0,0,0,0,0,3,0,0,0,0,0,0,0,0,3,0,7,0,0,3,0,0,0,Unknown,Unknown,Unknown,Unknown,Unknown,Unknown,Unknown,Unknown,Unknown,Unknown,Unknown,Unknown,Unknown,Unknown,Unknown,Unknown,Unknown,Unknown,Unknown,Unknown,Unknown,Unknown,Unknown,Unknown,Unknown,Unknown,Unknown,Unknown,Unknown,Unknown,Unknown,Unknown,Unknown,Unknown,Unknown,Unknown,Perut,Dada,-0.0333492192460782,-0.229513626403139,-0.0924636728204861,0.149498886985044,-0.0247206513330791,0.0158929104912494,-0.0414676765652178,-0.245762896516786,-0.0100494523074361,-0.224910512033613,0.0102782104210738,-0.0640627102721733,-0.191691706787115,-0.471182467724129,1.62178657588558,0.714423582217503,-2.76091841912637,-1.91905509429179,-3.10494657591489,-3.02015178686536,0.509315312209869,Mayor 2
0,0,0,0,0,1,0,0,0,0,0,0,0,0,0,0,0,0,3,0,0,0,0,0,0,0,0,0,0,0,0,0,5,0,0,0,Unknown,Unknown,Unknown,Unknown,Unknown,Unknown,Unknown,Unknown,Unknown,Unknown,Unknown,Unknown,Unknown,Unknown,Unknown,Unknown,Unknown,Unknown,Unknown,Unknown,Unknown,Unknown,Unknown,Unknown,Unknown,Unknown,Unknown,Unknown,Unknown,Unknown,Unknown,Unknown,Unknown,Unknown,Unknown,Unknown,Perut,Dada,-0.03092636720128,-0.232208711844532,-0.089512879800569,0.158319413527362,-0.0276311292036967,0.00988591418031249,-0.0411518799045894,-0.246826747125466,-0.00361248478631766,-0.226247514223156,0.00834106140058538,-0.0617795197297826,-0.196713658521864,-0.470866179659004,1.63636558812985,0.665726193688733,-2.50076473633794,-1.90636083472894,-3.07783358531333,-3.07730823105597,0.510356918530732,Mayor 2
0,0,0,0,0,0,0,0,0,0,0,0,0,0,0,8,0,0,0,0,0,7,0,7,0,0,3,2,0,0,0,0,0,0,7,3,Unknown,Unknown,Unknown,Unknown,Unknown,Unknown,Unknown,Unknown,Unknown,Unknown,Unknown,Unknown,Unknown,Unknown,Unknown,Unknown,Unknown,Unknown,Unknown,Unknown,Unknown,Unknown,Unknown,Unknown,Unknown,Unknown,Unknown,Unknown,Unknown,Unknown,Unknown,Unknown,Unknown,Unknown,Unknown,Unknown,Perut,Dada,-0.0308590657555911,-0.234783575329015,-0.0813753577722381,0.157175539264649,-0.029934198033436,0.0161079420605642,-0.0311431077751275,-0.246856298531263,-0.0101003467996199,-0.226284653172865,0.00995391837223849,-0.0617160977702718,-0.197686490514496,-0.473357393879417,1.63822685489959,0.628412796334522,-2.61302289574211,-1.86521453353988,-3.14815631583442,-3.02108894421111,0.51299981458696,Mayor 2
0,0,0,0,0,0,0,0,0,0,0,0,0,0,0,0,0,0,0,1,0,0,5,1,0,0,0,0,7,0,3,0,7,0,0,0,Unknown,Unknown,Unknown,Unknown,Unknown,Unknown,Unknown,Unknown,Unknown,Unknown,Unknown,Unknown,Unknown,Unknown,Unknown,Unknown,Unknown,Unknown,Unknown,Unknown,Unknown,Unknown,Unknown,Unknown,Unknown,Unknown,Unknown,Unknown,Unknown,Unknown,Unknown,Unknown,Unknown,Unknown,Unknown,Unknown,Perut,Dada,-0.0311349740487664,-0.236521765981362,-0.0861493154936733,0.155199320535129,-0.028053727723151,0.0165585539461268,-0.0408650863270869,-0.246857119403646,-0.00889167629998943,-0.216285684810357,0.00888760884367328,-0.0717143360491742,-0.204102402514292,-0.480093260941095,1.63810299408456,0.655949916812982,-2.68415107865848,-1.96242871803831,-3.10486710165908,-3.06234832164245,0.521690636004877,Mayor 2
0,0,0,0,0,0,0,0,0,0,0,0,0,0,0,0,0,0,7,0,0,0,0,0,3,0,0,0,0,0,0,0,5,2,2,5,Unknown,Unknown,Unknown,Unknown,Unknown,Unknown,Unknown,Unknown,Unknown,Unknown,Unknown,Unknown,Unknown,Unknown,Unknown,Unknown,Unknown,Unknown,Unknown,Unknown,Unknown,Unknown,Unknown,Unknown,Unknown,Unknown,Unknown,Unknown,Unknown,Unknown,Unknown,Unknown,Unknown,Unknown,Unknown,Not tracked,Perut,Dada,-0.0308648603902435,-0.236847826832816,-0.0773930365414909,0.159866647792643,-0.0299459368811987,0.0174044042762813,-0.0511351412868636,-0.246857142205657,-0.00330254656388859,-0.216007935689177,0.00330243357899092,-0.0719920648902548,-0.211502844514286,-0.485558146137253,1.6393945218313,0.599599535755888,-2.61719497985501,-2.01605157481476,-3.0369828543363,-3.1687611698384,0.529652882740551,Mayor 2
8,0,8,0,0,0,0,1,0,0,0,0,0,0,3,0,0,0,0,0,0,0,0,5,0,0,5,0,0,0,5,1,5,0,0,0,Unknown,Unknown,Unknown,Unknown,Unknown,Unknown,Unknown,Unknown,Unknown,Unknown,Unknown,Unknown,Unknown,Unknown,Unknown,Unknown,Unknown,Unknown,Unknown,Unknown,Unknown,Unknown,Unknown,Unknown,Unknown,Unknown,Unknown,Unknown,Unknown,Unknown,Unknown,Unknown,Unknown,Unknown,Unknown,Unknown,Perut,Dada,-0.0308573572330623,-0.233245772967578,-0.0757609176817081,0.159996295772018,-0.0294429426911444,0.0138167890076745,-0.0514204205913018,-0.246857142839046,-0.000647292960108015,-0.21600022043581,0.00842506759941642,-0.0711664462469515,-0.205875079014286,-0.484876615170479,1.63734012914192,0.592522531703837,-2.51398649047201,-2.0175410986141,-3.02320140498031,-3.10693773433789,0.526825672524353,Mayor 2
3,0,0,0,0,0,0,0,0,0,0,0,0,0,0,0,0,0,0,0,0,0,7,0,0,0,0,5,7,0,2,6,0,0,0,5,Unknown,Unknown,Unknown,Unknown,Unknown,Unknown,Unknown,Unknown,Unknown,Unknown,Unknown,Unknown,Unknown,Unknown,Unknown,Unknown,Unknown,Unknown,Unknown,Unknown,Unknown,Unknown,Unknown,Unknown,Unknown,Unknown,Unknown,Unknown,Unknown,Unknown,Unknown,Unknown,Unknown,Unknown,Unknown,Unknown,Perut,Dada,-0.0286349265898073,-0.2314790492491,-0.0762711366022697,0.157499897104778,-0.0302623039636429,0.013717133027991,-0.0425394561275362,-0.246301587301085,-0.010017980360003,-0.211555561678773,0.0102340296555394,-0.0697546235068598,-0.204329863305953,-0.485135461532513,1.64970199087803,0.591067513560986,-2.51246649554311,-2.02470364765705,-3.104197495085,-3.03203500987481,0.526423706227036,Mayor 2
0,0,0,0,0,0,0,3,7,0,0,0,0,0,0,7,0,0,0,6,0,0,3,0,0,0,7,0,0,0,7,0,6,0,0,0,Unknown,Unknown,Unknown,Unknown,Unknown,Unknown,Unknown,Unknown,Unknown,Unknown,Unknown,Unknown,Unknown,Unknown,Unknown,Unknown,Unknown,Unknown,Unknown,Unknown,Unknown,Unknown,Unknown,Unknown,Unknown,Unknown,Unknown,Unknown,Unknown,Unknown,Unknown,Unknown,Unknown,Unknown,Unknown,Unknown,Perut,Dada,-0.0307954146274947,-0.236429973590253,-0.0723964204611742,0.168541663808466,-0.029173952887879,0.0142699203618886,-0.0453483182257649,-0.245452821869475,-0.0102782772322223,-0.211987654491077,0.0102842786015428,-0.0669376284307461,-0.207064718425165,-0.486253762820348,1.65205425473854,0.554985501463345,-2.50635627738277,-2.01869258351497,-3.0933477262871,-3.02377922714234,0.528538431991906,Mayor 2
0,0,0,7,0,3,0,3,0,0,0,0,0,0,7,0,0,0,0,0,0,0,0,0,0,0,0,0,0,0,0,0,0,7,0,8,Not tracked,Unknown,Not tracked,Not tracked,Not tracked,Not tracked,Not tracked,Not tracked,Not tracked,Not tracked,Not tracked,Not tracked,Not tracked,Not tracked,Not tracked,Not tracked,Not tracked,Not tracked,Unknown,Unknown,Unknown,Unknown,Unknown,Unknown,Unknown,Unknown,Unknown,Unknown,Unknown,Unknown,Unknown,Unknown,Unknown,Unknown,Unknown,Unknown,Perut,Dada,-0.0308554281840971,-0.236289721488618,-0.0747887894572548,0.166070601772457,-0.0480326098024411,0.0176186088989414,-0.0512596755062713,-0.246818133940819,-0.00778550770089507,-0.215888545958085,0.00778567440559842,-0.0657482674564096,-0.185751797734032,-0.47628482674501,1.64780460287796,0.568742521552049,-2.41167766336707,-1.95935368376792,-3.05781091758796,-3.08039315230813,0.511250002346917,Mayor 2
3,0,7,7,0,0,3,3,7,0,0,3,0,7,0,0,0,7,0,0,0,0,0,0,0,0,0,0,0,0,0,0,0,1,0,0,Unknown,Unknown,Unknown,Unknown,Unknown,Unknown,Unknown,Unknown,Unknown,Unknown,Unknown,Unknown,Not tracked,Unknown,Unknown,Unknown,Unknown,Unknown,Unknown,Unknown,Unknown,Unknown,Unknown,Unknown,Unknown,Unknown,Unknown,Unknown,Unknown,Unknown,Unknown,Unknown,Unknown,Unknown,Unknown,Unknown,Perut,Dada,-0.0261348730051138,-0.236563603374684,-0.0840219108182571,0.164613072271457,-0.0241120169389567,0.0104894058027484,-0.0514238798751742,-0.242133837053912,-0.00410515299169153,-0.222941348498836,0.00438293540015551,-0.0612707852071225,-0.205993105492612,-0.472119022965139,1.67091464985804,0.598198853778269,-2.53500569602729,-2.00311561413696,-3.03500909618914,-3.14318800530566,0.515144233209226,Mayor 2
0,0,0,0,0,7,0,0,7,3,0,0,0,0,3,0,3,0,7,0,0,0,0,0,0,0,0,0,0,7,8,3,3,0,0,0,Unknown,Unknown,Unknown,Unknown,Unknown,Unknown,Unknown,Unknown,Unknown,Unknown,Unknown,Unknown,Unknown,Unknown,Unknown,Unknown,Unknown,Unknown,Not tracked,Not tracked,Not tracked,Not tracked,Not tracked,Not tracked,Not tracked,Not tracked,Not tracked,Not tracked,Not tracked,Not tracked,Not tracked,Not tracked,Not tracked,Not tracked,Not tracked,Not tracked,Perut,Dada,-0.117948190916809,-0.105737877871519,0.120443835810604,0.120961474229763,-0.00344755602608214,0.00334692793896523,-0.0414284411076438,-0.246725939918164,-0.000114032027546987,-0.20730392634719,0.0101217482055599,-0.0700352995890867,-0.338499808485906,-0.562836639526809,0.899705388813375,0.0627821310115341,-0.776741690595993,-2.03116488042259,-3.06074978440264,-3.08297250747701,0.657259035371609,Mayor 2
0,0,0,0,0,3,7,0,0,7,3,0,0,0,0,3,0,0,0,0,0,0,0,0,0,0,0,0,0,0,0,0,0,0,0,0,Unknown,Unknown,Unknown,Unknown,Unknown,Unknown,Unknown,Unknown,Unknown,Unknown,Unknown,Unknown,Unknown,Unknown,Unknown,Unknown,Unknown,Unknown,Not tracked,Not tracked,Not tracked,Not tracked,Not tracked,Not tracked,Not tracked,Not tracked,Not tracked,Not tracked,Not tracked,Not tracked,Not tracked,Not tracked,Not tracked,Not tracked,Not tracked,Not tracked,Perut,Dada,-0.146054116414356,-0.0829371632742089,-0.0560987823385944,-0.0124732923825066,-0.0603735432229467,0.00787074799830459,-0.0511507900307679,-0.241575720553283,-3.16755632074964E-06,-0.211036220176311,0.0102811596723767,-0.0694454249885857,-0.0669027724579419,-0.445078795542411,0.776573597858413,2.91559203603593,2.53413705713991,-2.07885215820228,-3.01664474193601,-3.07952081849071,0.451801316255604,Mayor 2
0,0,0,7,7,0,7,0,0,3,7,3,0,7,0,3,7,0,0,1,1,0,0,3,7,0,0,0,0,0,0,0,0,0,0,0,Unknown,Unknown,Unknown,Unknown,Unknown,Unknown,Unknown,Unknown,Unknown,Unknown,Unknown,Unknown,Unknown,Unknown,Unknown,Unknown,Unknown,Unknown,Not tracked,Not tracked,Not tracked,Not tracked,Not tracked,Not tracked,Not tracked,Not tracked,Not tracked,Not tracked,Not tracked,Not tracked,Not tracked,Not tracked,Not tracked,Not tracked,Not tracked,Not tracked,Perut,Dada,-0.118501503233732,-0.0770260323131725,0.16399725604615,0.0252090752115971,-0.00501037620063741,0.0202186318888418,-0.0514208552786325,-0.236710436682036,0.00999991201232443,-0.21586211722712,0.0102855877686771,-0.0724845951385718,-0.359636188123832,-0.503752188765067,0.846158774978174,-0.345713756148845,-1.50270221181848,-2.08758156676898,-2.96374455402499,-3.13029685099583,0.620445287912157,Mayor 2
0,0,0,0,3,0,0,0,0,0,0,0,0,0,0,0,7,0,0,3,0,0,0,0,0,0,0,0,0,0,0,0,0,0,0,0,Unknown,Unknown,Unknown,Unknown,Unknown,Unknown,Unknown,Unknown,Unknown,Unknown,Unknown,Unknown,Unknown,Unknown,Unknown,Unknown,Unknown,Unknown,Unknown,Unknown,Unknown,Unknown,Unknown,Unknown,Unknown,Unknown,Unknown,Unknown,Unknown,Unknown,Unknown,Unknown,Unknown,Unknown,Unknown,Unknown,Perut,Dada,-0.0232917084231592,-0.212139612008699,-0.0654445206653847,0.150700252089211,-0.0309725104500177,0.00528385088580116,-0.0425394682021843,-0.236575289907835,0.000555553111453457,-0.215996169922976,0.0111190441046855,-0.0714579054205159,-0.199156560781218,-0.478159783021252,1.74432769399506,0.521975706263275,-2.20110297651292,-2.0506063889706,-3.04575411613864,-3.07531140163699,0.518476242161737,Mayor 2
0,0,0,0,0,0,0,0,0,0,0,0,0,0,0,0,0,0,0,0,0,0,0,0,0,0,0,0,0,0,7,0,0,0,0,0,Unknown,Unknown,Unknown,Unknown,Unknown,Unknown,Unknown,Unknown,Unknown,Unknown,Unknown,Unknown,Unknown,Unknown,Unknown,Unknown,Unknown,Unknown,Not tracked,Not tracked,Not tracked,Not tracked,Not tracked,Not tracked,Not tracked,Not tracked,Not tracked,Not tracked,Not tracked,Not tracked,Not tracked,Not tracked,Not tracked,Not tracked,Not tracked,Not tracked,Perut,Perut,-0.12481365856731,-0.0433927670002417,0.103737652203739,-0.201647215219744,0.00330631915416617,-0.0534643374753944,-0.0417372074500607,-0.236849313608551,1.54320308737071E-05,-0.215999893608972,0.000308862336241263,-0.0819849418172366,-0.314421015577256,-0.25633777175059,0.522740804971761,-1.38170136914225,2.59992607787212,-2.03223964494176,-3.0519207188566,-3.22701797030193,0.40748325429286,Mayor 2
