kuantKiri[4],kuantKiri[6],kuantKiri[8],kuantKiri[10],kuantKiri[12],kuantKiri[14],kuantKiri[16],kuantKiri[18],kuantKiri[20],kuantKiri[22],kuantKiri[24],kuantKiri[26],kuantKiri[28],kuantKiri[30],kuantKiri[32],kuantKiri[34],kuantKiri[36],kuantKiri[38],kuantKanan[4],kuantKanan[6],kuantKanan[8],kuantKanan[10],kuantKanan[12],kuantKanan[14],kuantKanan[16],kuantKanan[18],kuantKanan[20],kuantKanan[22],kuantKanan[24],kuantKanan[26],kuantKanan[28],kuantKanan[30],kuantKanan[32],kuantKanan[34],kuantKanan[36],kuantKanan[38],stateKiri[4],stateKiri[6],stateKiri[8],stateKiri[10],stateKiri[12],stateKiri[14],stateKiri[16],stateKiri[18],stateKiri[20],stateKiri[22],stateKiri[24],stateKiri[26],stateKiri[28],stateKiri[30],stateKiri[32],stateKiri[34],stateKiri[36],stateKiri[38],stateKanan[4],stateKanan[6],stateKanan[8],stateKanan[10],stateKanan[12],stateKanan[14],stateKanan[16],stateKanan[18],stateKanan[20],stateKanan[22],stateKanan[24],stateKanan[26],stateKanan[28],stateKanan[30],stateKanan[32],stateKanan[34],stateKanan[36],stateKanan[38],tanganKiri,tanganKanan,SRERX,SRERY,ERWRX,ERWRY,WRHRX,WRHRY,SLELX,SLELY,ELWLX,ELWLY,WLHLX,WLHLY,HRHLX,HRHLY,SSSRER,SRERWR,ERWRHR,SSSLEL,SLELWL,ELWLHL,DisHRHL,stringnamagerakan
0,3,0,0,0,0,0,0,0,0,7,0,0,0,0,0,0,0,0,0,0,0,0,0,0,0,0,0,0,0,0,0,0,0,0,0,Not tracked,Not tracked,Not tracked,Not tracked,Not tracked,Not tracked,Not tracked,Not tracked,Not tracked,Not tracked,Not tracked,Not tracked,Not tracked,Not tracked,Not tracked,Not tracked,Not tracked,Not tracked,Open,Open,Open,Open,Open,Open,Open,Open,Open,Open,Open,Open,Open,Open,Open,Open,Open,Open,Perut,Kepala,0.151388889,-0.096944444,-0.0325,0.225555556,-0.02,0.06,-0.028611111,-0.25,0.008611111,-0.203333333,0.01,-0.047222222,-0.42,-0.700555556,2.88188386,-0.858482449,-2.962857757,-2.045307379,-2.985099728,-2.973543418,0.816810542,Hai
7,0,0,0,0,0,0,0,0,3,0,0,0,0,0,7,0,7,0,0,0,0,3,7,0,3,0,0,0,7,0,0,0,0,7,3,Not tracked,Not tracked,Not tracked,Not tracked,Not tracked,Not tracked,Not tracked,Not tracked,Not tracked,Not tracked,Not tracked,Not tracked,Not tracked,Not tracked,Not tracked,Not tracked,Not tracked,Not tracked,Open,Open,Open,Open,Open,Open,Open,Open,Open,Open,Open,Open,Open,Open,Open,Open,Open,Open,Perut,Kepala,0.158094136,-0.102970679,-0.034791667,0.22654321,-0.020555556,0.063055556,-0.030794753,-0.256944444,0.00746142,-0.215092593,0.013055556,-0.044367284,-0.431666667,-0.723348765,2.90226647,-0.86422841,-3.060782259,-2.108828865,-3.070663723,-2.96940522,0.842364254,Hai
0,0,8,1,0,0,0,1,0,8,0,0,0,0,0,8,0,0,0,0,0,0,0,0,0,3,0,0,0,0,0,0,0,0,0,0,Not tracked,Not tracked,Not tracked,Not tracked,Not tracked,Not tracked,Not tracked,Not tracked,Not tracked,Not tracked,Not tracked,Not tracked,Not tracked,Not tracked,Not tracked,Not tracked,Not tracked,Not tracked,Open,Open,Open,Open,Open,Open,Open,Open,Open,Open,Open,Open,Open,Open,Open,Open,Open,Open,Perut,Kepala,0.148280393,-0.102860297,-0.036244213,0.221015089,-0.020570988,0.072584877,-0.03085541,-0.257137346,0.000207262,-0.195141461,0.014807099,-0.062065758,-0.427546296,-0.725648577,2.883238425,-0.82388439,-3.114389397,-2.106092855,-3.107459942,-2.990278028,0.842247437,Hai
0,0,0,0,0,0,0,0,0,0,0,0,0,0,0,0,0,0,0,0,0,0,0,0,0,0,0,0,0,0,0,0,0,0,3,0,Not tracked,Not tracked,Not tracked,Not tracked,Not tracked,Not tracked,Not tracked,Not tracked,Not tracked,Not tracked,Not tracked,Not tracked,Not tracked,Not tracked,Not tracked,Not tracked,Not tracked,Not tracked,Open,Open,Open,Open,Open,Open,Open,Open,Open,Open,Open,Open,Open,Open,Open,Open,Open,Open,Perut,Kepala,0.147452233,-0.107301675,-0.036006784,0.220583752,-0.020571416,0.074238469,-0.030857095,-0.257142704,5.76E-06,-0.204865041,0.020411308,-0.052279604,-0.421876286,-0.722379127,2.858298802,-0.802158402,-3.118992791,-2.098300532,-3.108482059,-2.847413767,0.836550371,Hai
2,1,0,8,0,0,0,0,0,0,0,0,8,0,0,0,0,0,0,0,0,0,0,0,0,7,0,3,0,7,0,7,0,1,3,0,Not tracked,Not tracked,Not tracked,Not tracked,Not tracked,Not tracked,Not tracked,Not tracked,Not tracked,Not tracked,Not tracked,Not tracked,Not tracked,Not tracked,Not tracked,Not tracked,Not tracked,Not tracked,Open,Open,Open,Open,Open,Open,Open,Open,Open,Open,Open,Open,Open,Open,Open,Open,Open,Open,Perut,Kepala,0.14354034,-0.097980602,-0.041000188,0.211127326,-0.021404762,0.078728846,-0.030857142,-0.258531742,-0.00249984,-0.204301807,0.012233647,-0.051729989,-0.421718786,-0.727010531,2.882961536,-0.802507259,-3.154404869,-2.106649782,-3.122296561,-2.978646409,0.840498773,Hai
0,0,0,0,0,0,0,0,0,0,0,0,0,0,0,0,0,0,0,0,0,0,0,0,1,0,0,0,0,0,0,0,0,0,0,0,Not tracked,Not tracked,Not tracked,Not tracked,Not tracked,Not tracked,Not tracked,Not tracked,Not tracked,Not tracked,Not tracked,Not tracked,Not tracked,Not tracked,Not tracked,Not tracked,Not tracked,Not tracked,Open,Open,Open,Open,Open,Open,Open,Open,Open,Open,Open,Open,Open,Open,Open,Open,Open,Open,Perut,Kepala,0.135376121,-0.112166128,-0.035861116,0.225309092,-0.017816799,0.072186912,-0.030857143,-0.257181437,-6.94E-05,-0.203452828,0.016173157,-0.053659166,-0.425047744,-0.720194737,2.787704674,-0.741533736,-1.400399937,-2.088576974,-3.108894188,-2.920219943,0.836285795,Hai
0,0,0,0,0,0,0,0,0,0,0,0,0,0,8,0,0,0,0,0,0,0,0,0,0,0,0,0,0,0,0,0,0,0,0,0,Not tracked,Not tracked,Not tracked,Not tracked,Not tracked,Not tracked,Not tracked,Not tracked,Not tracked,Not tracked,Not tracked,Not tracked,Not tracked,Not tracked,Not tracked,Not tracked,Not tracked,Not tracked,Open,Open,Open,Open,Open,Open,Open,Open,Open,Open,Open,Open,Open,Open,Open,Open,Open,Open,Perut,Kepala,0.140149337,-0.113115726,-0.032385031,0.226258586,-0.020494911,0.072005192,-0.030857143,-0.257143929,-1.93E-06,-0.204818134,0.018782588,-0.052323866,-0.423473548,-0.720005409,2.803476899,-0.770637286,-3.043877066,-2.094567637,-3.108521899,-2.870490639,0.835313729,Hai
0,0,0,0,0,0,0,0,0,0,0,0,0,0,0,0,0,0,0,0,0,1,0,0,0,5,0,7,0,0,0,3,0,0,0,0,Not tracked,Not tracked,Not tracked,Not tracked,Not tracked,Not tracked,Not tracked,Not tracked,Not tracked,Not tracked,Not tracked,Not tracked,Not tracked,Not tracked,Not tracked,Not tracked,Not tracked,Not tracked,Open,Open,Open,Open,Open,Open,Open,Open,Open,Open,Open,Open,Open,Open,Open,Open,Open,Open,Perut,Kepala,0.14472637,-0.103697659,-0.045066251,0.221840516,-0.020013748,0.073111255,-0.030857143,-0.25797622,-5.36E-08,-0.200411615,0.015243961,-0.055897885,-0.420096487,-0.721111261,2.888892576,-0.770212699,-2.637864463,-2.097601027,-3.108890918,-2.950382164,0.834562635,Hai
8,0,0,0,7,0,0,0,0,0,0,0,0,0,0,0,0,7,0,0,0,0,0,0,0,0,0,0,0,0,0,0,0,0,3,0,Not tracked,Not tracked,Not tracked,Not tracked,Not tracked,Not tracked,Not tracked,Not tracked,Not tracked,Not tracked,Not tracked,Not tracked,Not tracked,Not tracked,Not tracked,Not tracked,Not tracked,Not tracked,Open,Open,Open,Open,Open,Open,Open,Open,Open,Open,Open,Open,Open,Open,Open,Open,Open,Open,Perut,Kepala,0.152631288,-0.099824935,-0.05125184,0.213106681,-0.020555937,0.073419757,-0.030857143,-0.257166006,0.000277776,-0.208622545,0.019867888,-0.048774941,-0.411947125,-0.721697535,2.977418723,-0.777109737,-2.829305318,-2.139752904,-3.107260051,-2.832368857,0.830995291,Hai
0,0,0,0,0,0,0,3,0,0,0,0,7,0,0,7,7,0,0,0,7,0,0,0,4,4,0,5,1,0,7,0,3,0,0,0,Not tracked,Not tracked,Not tracked,Not tracked,Not tracked,Not tracked,Not tracked,Not tracked,Not tracked,Not tracked,Not tracked,Not tracked,Not tracked,Not tracked,Not tracked,Not tracked,Not tracked,Not tracked,Open,Open,Open,Open,Open,Open,Open,Open,Open,Open,Open,Open,Open,Open,Open,Open,Open,Open,Perut,Kepala,0.144239758,-0.094995137,-0.043923662,0.208141852,-0.021404332,0.077594993,-0.030857143,-0.2571435,7.72E-06,-0.218295071,0.01999633,-0.043021526,-0.410331865,-0.729769376,2.899838787,-0.802786196,-1.937411817,-2.108433504,-3.108476507,-2.772100055,0.837245526,Hai
0,0,0,0,0,3,7,0,0,0,0,0,0,0,0,0,0,0,0,0,0,0,0,0,0,0,0,0,0,0,0,0,0,0,0,0,Not tracked,Not tracked,Not tracked,Not tracked,Not tracked,Not tracked,Not tracked,Not tracked,Not tracked,Not tracked,Not tracked,Not tracked,Not tracked,Not tracked,Not tracked,Not tracked,Not tracked,Not tracked,Open,Open,Open,Open,Open,Open,Open,Open,Open,Open,Open,Open,Open,Open,Open,Open,Open,Open,Perut,Kepala,0.14400666,-0.092638754,-0.044831213,0.215781718,-0.020594565,0.072155416,-0.035579365,-0.257142875,0.004444659,-0.191619308,0.013888787,-0.066750598,-0.421398107,-0.729715816,2.905675374,-0.817007209,-3.121769878,-2.111002297,-3.06608076,-3.043719826,0.842654615,Hai
0,0,0,0,0,0,0,0,0,7,0,1,7,0,0,7,8,0,0,0,0,0,0,0,0,0,0,0,0,0,0,0,0,0,0,0,Not tracked,Not tracked,Not tracked,Not tracked,Not tracked,Not tracked,Not tracked,Not tracked,Not tracked,Not tracked,Not tracked,Not tracked,Not tracked,Not tracked,Not tracked,Not tracked,Not tracked,Not tracked,Open,Open,Open,Open,Open,Open,Open,Open,Open,Open,Open,Open,Open,Open,Open,Open,Open,Open,Perut,Kepala,0.148166852,-0.093962188,-0.050689756,0.217382826,-0.020572071,0.072004317,-0.030988316,-0.262420635,0.000123463,-0.197544981,0.0128858,-0.055743072,-0.419205503,-0.726380995,2.909414071,-0.798454364,-3.17979711,-2.075736978,-3.109735251,-2.982358023,0.838698496,Hai
0,0,0,0,0,0,0,0,0,0,0,1,8,8,0,7,0,0,0,0,0,0,0,0,0,0,0,0,0,0,0,0,0,0,0,0,Not tracked,Not tracked,Not tracked,Not tracked,Not tracked,Not tracked,Not tracked,Not tracked,Not tracked,Not tracked,Not tracked,Not tracked,Not tracked,Not tracked,Not tracked,Not tracked,Not tracked,Not tracked,Open,Open,Open,Open,Open,Open,Open,Open,Open,Open,Open,Open,Open,Open,Open,Open,Open,Open,Perut,Kepala,0.14856019,-0.092610061,-0.049741382,0.217427301,-0.019460335,0.070611231,-0.031138564,-0.257845018,0.003058985,-0.204098472,0.012302383,-0.056826196,-0.419700153,-0.731010583,2.921076023,-0.810954274,-2.489279538,-2.082635061,-3.092224761,-3.011088977,0.842939059,Hai
0,0,0,0,0,0,0,7,0,0,0,0,0,0,0,0,0,0,0,0,0,1,0,0,0,0,3,0,0,5,0,3,0,3,0,0,Not tracked,Not tracked,Not tracked,Not tracked,Not tracked,Not tracked,Not tracked,Not tracked,Not tracked,Not tracked,Not tracked,Not tracked,Not tracked,Not tracked,Not tracked,Not tracked,Not tracked,Not tracked,Open,Open,Open,Open,Open,Open,Open,Open,Open,Open,Open,Open,Open,Open,Open,Open,Open,Open,Perut,Kepala,0.150515561,-0.093405835,-0.043603927,0.216872981,-0.020540565,0.07362809,-0.035587182,-0.257162362,-0.000192806,-0.207891624,0.008119511,-0.050745172,-0.433325004,-0.733361405,2.927352469,-0.840185888,-2.612799273,-2.125370445,-3.091313884,-2.544240491,0.851838555,Hai
0,0,0,0,0,0,0,0,0,0,0,0,0,0,0,0,0,0,0,0,5,0,0,0,0,0,0,0,0,0,0,0,5,0,0,5,Not tracked,Not tracked,Not tracked,Not tracked,Not tracked,Not tracked,Not tracked,Not tracked,Not tracked,Not tracked,Not tracked,Not tracked,Not tracked,Not tracked,Not tracked,Not tracked,Not tracked,Not tracked,Open,Open,Open,Open,Open,Open,Open,Open,Open,Open,Open,Open,Open,Open,Open,Open,Open,Open,Perut,Kepala,0.145847654,-0.094261273,-0.045655665,0.222135361,-0.018070571,0.07760078,-0.031544088,-0.267143399,-0.003616467,-0.184385878,0.004392209,-0.062798477,-0.440092361,-0.73037115,2.896154134,-0.816710373,-1.445554943,-2.049694353,-3.130799964,-3.126370874,0.852723754,Hai
8,0,0,0,0,0,0,0,0,0,0,0,0,0,0,0,0,1,0,0,0,0,0,0,0,0,0,0,0,0,0,0,0,0,0,0,Not tracked,Not tracked,Not tracked,Not tracked,Not tracked,Not tracked,Not tracked,Not tracked,Not tracked,Not tracked,Not tracked,Not tracked,Not tracked,Not tracked,Not tracked,Not tracked,Not tracked,Not tracked,Open,Open,Open,Open,Open,Open,Open,Open,Open,Open,Open,Open,Open,Open,Open,Open,Open,Open,Perut,Kepala,0.19,0.028611111,-0.200555556,0.165833333,-0.039444444,0.025555556,-0.04,-0.27,-0.01,-0.188611111,0.007777778,-0.051388889,-0.332222222,-0.75,-2.77350585,-0.840428177,-2.48722652,-2.076645352,-3.0475669,-2.931602123,0.820296297,Hormat
1,0,0,1,0,8,0,0,0,0,0,0,0,8,8,0,0,0,0,0,0,7,7,0,0,3,0,0,0,0,0,0,0,0,0,0,Not tracked,Not tracked,Not tracked,Not tracked,Not tracked,Not tracked,Not tracked,Not tracked,Not tracked,Not tracked,Not tracked,Not tracked,Not tracked,Not tracked,Not tracked,Not tracked,Not tracked,Not tracked,Open,Open,Open,Open,Open,Open,Open,Open,Open,Open,Open,Open,Open,Open,Open,Open,Open,Open,Perut,Kepala,0.195277778,0.038850309,-0.199737654,0.158773148,-0.036929012,0.03654321,-0.041111111,-0.278333333,-0.010277778,-0.188016975,0.005493827,-0.058927469,-0.343950617,-0.778611111,-2.789943713,-0.892570758,2.369519813,-2.126157902,-3.134275798,-3.076688773,0.851211145,Hormat
0,0,0,0,0,3,0,0,0,0,0,0,0,0,0,0,0,0,0,0,0,0,0,0,0,0,0,0,0,0,0,0,5,1,0,4,Not tracked,Not tracked,Not tracked,Not tracked,Not tracked,Not tracked,Not tracked,Not tracked,Not tracked,Not tracked,Not tracked,Not tracked,Not tracked,Not tracked,Not tracked,Not tracked,Not tracked,Not tracked,Open,Open,Open,Open,Open,Open,Open,Open,Open,Open,Open,Open,Open,Open,Open,Open,Open,Open,Perut,Kepala,0.195424383,0.031079175,-0.225548268,0.178021476,-0.01797025,0.017403978,-0.041141975,-0.287731481,-0.010285494,-0.185222694,0.000152606,-0.054970207,-0.342609739,-0.77496142,-2.887817014,-0.849337775,2.758765931,-2.074638191,-3.142257321,-3.171557725,0.847326491,Hormat
0,0,0,0,0,0,1,0,0,0,0,0,0,0,0,0,0,0,0,1,1,1,0,0,0,0,0,0,0,0,0,0,0,0,0,0,Not tracked,Not tracked,Not tracked,Not tracked,Not tracked,Not tracked,Not tracked,Not tracked,Not tracked,Not tracked,Not tracked,Not tracked,Not tracked,Not tracked,Not tracked,Not tracked,Not tracked,Not tracked,Open,Open,Open,Open,Open,Open,Open,Open,Open,Open,Open,Open,Open,Open,Open,Open,Open,Open,Perut,Kepala,0.195428455,0.029474422,-0.224320785,0.17633393,-0.014110285,0.020483444,-0.041142833,-0.280492541,-0.009174597,-0.18570063,0.005004239,-0.060971395,-0.341739159,-0.781526706,-2.897719736,-0.839181433,2.893434882,-2.119007415,-3.132426554,-3.097785136,0.852986108,Hormat
0,3,0,0,3,0,0,0,0,0,0,0,3,1,0,0,0,0,0,0,0,0,0,0,0,0,0,0,0,0,0,0,0,0,0,0,Not tracked,Not tracked,Not tracked,Not tracked,Not tracked,Not tracked,Not tracked,Not tracked,Not tracked,Not tracked,Not tracked,Not tracked,Not tracked,Not tracked,Not tracked,Not tracked,Not tracked,Not tracked,Open,Open,Open,Open,Open,Open,Open,Open,Open,Open,Open,Open,Open,Open,Open,Open,Open,Open,Perut,Kepala,0.195428568,0.030818734,-0.226231133,0.193231498,-0.010947508,0.012791207,-0.041142856,-0.276958126,-0.008865961,-0.189880573,0.005694562,-0.056971428,-0.341992754,-0.781431297,-2.834392324,-0.887832056,3.090862173,-2.135970917,-3.128609325,-3.085658309,0.853011189,Hormat
0,0,3,0,0,0,0,7,0,0,0,0,3,7,3,0,3,7,1,0,4,0,8,0,0,0,0,0,0,0,0,0,8,4,0,8,Not tracked,Not tracked,Not tracked,Not tracked,Not tracked,Not tracked,Not tracked,Not tracked,Not tracked,Not tracked,Not tracked,Not tracked,Not tracked,Not tracked,Not tracked,Not tracked,Not tracked,Not tracked,Open,Open,Open,Open,Open,Open,Open,Open,Open,Open,Open,Open,Open,Open,Open,Open,Open,Open,Perut,Kepala,0.195428571,0.030856076,-0.226284198,0.195089764,-0.013359653,0.013133089,-0.045587302,-0.264359948,-0.000246277,-0.228052238,0.000158182,-0.037971429,-0.336444243,-0.790039758,-2.83263323,-0.892881808,2.813541367,-2.16996194,-3.057096364,-3.227305384,0.858719753,Hormat
0,0,0,0,0,7,0,3,0,0,0,0,0,0,0,0,0,3,0,5,5,0,0,0,0,8,0,0,8,5,0,0,8,5,0,0,Not tracked,Not tracked,Not tracked,Not tracked,Not tracked,Not tracked,Not tracked,Not tracked,Not tracked,Not tracked,Not tracked,Not tracked,Not tracked,Not tracked,Not tracked,Not tracked,Not tracked,Not tracked,Open,Open,Open,Open,Open,Open,Open,Open,Open,Open,Open,Open,Open,Open,Open,Unknown,Open,Open,Perut,Kepala,0.185428571,0.030857113,-0.216285672,0.189030271,-0.026204435,0.024809252,-0.051266314,-0.266509999,-6.84E-06,-0.224112562,4.39E-06,-0.03883254,-0.33351234,-0.794723327,-2.836459287,-0.908259873,1.263665519,-2.202184985,-3.035906436,-3.231240025,0.861889114,Hormat
3,3,0,0,0,7,0,0,0,0,0,0,0,0,0,0,0,0,0,0,0,0,0,0,0,0,0,0,0,0,0,0,0,0,0,0,Not tracked,Not tracked,Not tracked,Not tracked,Not tracked,Not tracked,Not tracked,Not tracked,Not tracked,Not tracked,Not tracked,Not tracked,Not tracked,Not tracked,Not tracked,Not tracked,Not tracked,Not tracked,Unknown,Open,Open,Open,Open,Open,Open,Open,Unknown,Unknown,Unknown,Open,Open,Open,Open,Open,Open,Open,Perut,Kepala,0.187373016,0.032523809,-0.218230158,0.193306396,-0.026283457,0.020966924,-0.050035175,-0.2718475,-0.000555746,-0.213725349,-0.000833211,-0.044412015,-0.333708676,-0.797353426,-2.820666172,-0.922088784,-0.095520716,-2.178099855,-3.047149655,-2.725012041,0.864384955,Hormat
0,0,0,7,4,7,3,1,1,0,7,3,0,0,0,0,7,7,0,0,0,0,5,3,0,3,3,0,7,0,0,0,0,0,3,0,Not tracked,Not tracked,Not tracked,Not tracked,Not tracked,Not tracked,Not tracked,Not tracked,Not tracked,Not tracked,Not tracked,Not tracked,Not tracked,Not tracked,Not tracked,Not tracked,Not tracked,Not tracked,Open,Unknown,Unknown,Open,Open,Unknown,Open,Open,Open,Open,Open,Open,Open,Open,Unknown,Open,Open,Open,Perut,Kepala,0.187704806,0.027847884,-0.217728615,0.194536289,-0.026841207,0.023915748,-0.041667644,-0.271995764,-0.003070993,-0.216770149,-2.31E-05,-0.040122556,-0.327325241,-0.798815373,-2.859193057,-0.901871603,1.217869341,-2.141591538,-3.089969792,-1.990664013,0.863296997,Hormat
0,0,7,3,3,0,0,0,0,0,0,0,0,1,7,0,0,0,0,0,0,0,0,0,0,0,0,0,0,0,0,0,0,0,0,0,Not tracked,Not tracked,Not tracked,Not tracked,Not tracked,Not tracked,Not tracked,Not tracked,Not tracked,Not tracked,Not tracked,Not tracked,Not tracked,Not tracked,Not tracked,Not tracked,Not tracked,Not tracked,Open,Open,Open,Open,Open,Open,Open,Open,Open,Open,Open,Open,Open,Open,Open,Open,Open,Open,Perut,Kepala,0.185214022,0.029940219,-0.222436906,0.193181564,-0.0243567,0.030664326,-0.045324101,-0.274499882,-0.003418639,-0.217965837,-0.000278421,-0.036392293,-0.326870146,-0.806355983,-2.854653234,-0.90026302,2.978675537,-2.1670631,-3.07917142,-3.015426447,0.870103102,Hormat
0,0,1,0,0,0,0,0,0,8,0,0,0,0,0,0,0,0,0,0,0,0,0,0,0,0,0,0,0,0,0,0,0,0,0,0,Not tracked,Not tracked,Not tracked,Not tracked,Not tracked,Not tracked,Not tracked,Not tracked,Not tracked,Not tracked,Not tracked,Not tracked,Not tracked,Not tracked,Not tracked,Not tracked,Not tracked,Not tracked,Open,Open,Unknown,Unknown,Open,Open,Open,Open,Open,Open,Open,Open,Open,Open,Open,Open,Open,Open,Perut,Kepala,0.185144834,0.030831673,-0.216178803,0.185366155,-0.030676575,0.030851787,-0.050425669,-0.276791663,0.006571704,-0.226610162,-0.002785512,-0.03934423,-0.324357504,-0.810454333,-2.885829461,-0.898782256,3.147561749,-2.124085702,-3.016341483,1.037778205,0.872965126,Hormat
0,0,0,7,3,0,0,0,0,0,0,0,0,0,0,0,0,0,0,0,0,0,0,0,0,0,0,3,1,0,5,0,0,0,0,0,Not tracked,Not tracked,Not tracked,Not tracked,Not tracked,Not tracked,Not tracked,Not tracked,Not tracked,Not tracked,Not tracked,Not tracked,Not tracked,Not tracked,Not tracked,Not tracked,Not tracked,Not tracked,Open,Open,Open,Open,Open,Unknown,Open,Unknown,Open,Open,Open,Open,Open,Open,Open,Open,Open,Unknown,Perut,Kepala,0.185142912,0.024189769,-0.216004967,0.19514906,-0.030296572,0.030023661,-0.041400713,-0.277688657,-0.006484119,-0.211850282,0.006589291,-0.036092895,-0.319565486,-0.802234843,-2.903089703,-0.889226981,2.660950963,-2.142289199,-3.110749414,-2.889275337,0.863545039,Hormat
0,1,0,0,0,3,3,0,0,0,0,7,7,0,7,3,0,0,0,0,0,0,0,7,7,0,0,0,0,0,3,5,0,1,5,0,Not tracked,Not tracked,Not tracked,Not tracked,Not tracked,Not tracked,Not tracked,Not tracked,Not tracked,Not tracked,Not tracked,Not tracked,Not tracked,Not tracked,Not tracked,Not tracked,Not tracked,Not tracked,Open,Open,Unknown,Open,Open,Open,Open,Open,Unknown,Unknown,Unknown,Unknown,Unknown,Unknown,Unknown,Open,Open,Unknown,Perut,Kepala,0.185142859,0.021505271,-0.216000138,0.195420807,-0.036397127,0.028056213,-0.04115002,-0.277713574,-0.006569003,-0.214495841,0.005460814,-0.037669247,-0.314432375,-0.804784301,-2.931894797,-0.875338693,-1.590252802,-2.1458137,-3.111654222,-3.051163027,0.86412527,Hormat
0,0,0,0,0,0,0,0,0,0,0,0,0,0,0,0,0,0,0,0,0,0,0,0,0,0,0,0,0,0,0,0,3,5,0,0,Not tracked,Not tracked,Not tracked,Not tracked,Not tracked,Not tracked,Not tracked,Not tracked,Not tracked,Not tracked,Not tracked,Not tracked,Not tracked,Not tracked,Not tracked,Not tracked,Not tracked,Not tracked,Unknown,Unknown,Open,Unknown,Open,Unknown,Unknown,Unknown,Open,Open,Open,Open,Open,Open,Open,Open,Open,Open,Perut,Kepala,0.185142857,0.022541813,-0.216000004,0.195428356,-0.021011031,0.030223784,-0.041143056,-0.277714266,-0.000182472,-0.205958218,0.000151689,-0.051046368,-0.328734233,-0.811799564,-2.920406067,-0.881007513,2.861031429,-2.144704063,-3.080949138,-3.226347182,0.87584433,Hormat
0,0,0,0,0,0,3,0,0,0,0,0,0,0,0,0,0,0,0,0,0,0,0,0,0,0,0,0,0,0,0,0,0,0,0,0,Not tracked,Not tracked,Not tracked,Not tracked,Not tracked,Not tracked,Not tracked,Not tracked,Not tracked,Not tracked,Not tracked,Not tracked,Not tracked,Not tracked,Not tracked,Not tracked,Not tracked,Not tracked,Open,Open,Open,Unknown,Open,Unknown,Open,Open,Unknown,Unknown,Open,Open,Open,Open,Unknown,Open,Unknown,Open,Perut,Kepala,0.185142857,0.020626161,-0.216,0.195428565,-0.023361418,0.03083955,-0.041142863,-0.287714285,-5.07E-06,-0.206276617,4.21E-06,-0.041140177,-0.326353729,-0.802827766,-2.937385624,-0.87056942,3.028543893,-2.075153363,-3.085277519,-3.231213409,0.866635632,Hormat
8,8,8,7,8,3,1,1,0,0,7,8,7,3,2,1,5,1,0,1,8,7,7,6,5,3,7,0,0,3,2,2,3,3,4,0,Not tracked,Not tracked,Not tracked,Unknown,Unknown,Open,Unknown,Not tracked,Not tracked,Not tracked,Not tracked,Not tracked,Unknown,Open,Open,Not tracked,Not tracked,Not tracked,Not tracked,Not tracked,Not tracked,Unknown,Unknown,Unknown,Open,Not tracked,Not tracked,Not tracked,Not tracked,Not tracked,Not tracked,Unknown,Unknown,Not tracked,Not tracked,Not tracked,Perut,Perut,0.073888889,-0.193888889,-0.113611111,-0.050555556,-0.038611111,-0.011111111,-0.063055556,-0.193055556,0.098888889,-0.067222222,0.028611111,-0.015833333,-0.174444444,-0.020555556,2.25948365,1.682505074,1.287207828,-2.175056268,-1.84470077,-0.285793411,0.181422583,Bola
0,0,0,5,8,8,8,3,1,3,1,0,0,2,0,0,2,7,0,5,5,5,1,8,7,5,6,6,2,3,0,0,7,3,1,0,Not tracked,Not tracked,Not tracked,Not tracked,Not tracked,Unknown,Unknown,Unknown,Open,Not tracked,Not tracked,Not tracked,Not tracked,Not tracked,Not tracked,Not tracked,Not tracked,Not tracked,Not tracked,Not tracked,Not tracked,Not tracked,Not tracked,Unknown,Unknown,Unknown,Open,Not tracked,Not tracked,Not tracked,Not tracked,Not tracked,Not tracked,Not tracked,Not tracked,Not tracked,Perut,Perut,0.077885802,-0.196774691,-0.119544753,-0.06279321,-0.037739198,-0.017253086,-0.053140432,-0.196195988,0.100246914,-0.065200617,0.034405864,-0.026550926,-0.162623457,-0.016404321,2.311577417,1.728118401,1.050865328,-2.199743207,-1.671457337,0.216928038,0.168278269,Bola
0,3,0,8,8,8,3,8,7,3,4,1,1,0,0,7,7,0,1,5,3,1,8,7,6,7,7,6,6,7,2,7,0,0,0,6,Not tracked,Not tracked,Not tracked,Not tracked,Open,Open,Open,Unknown,Open,Open,Open,Not tracked,Not tracked,Not tracked,Not tracked,Not tracked,Not tracked,Not tracked,Not tracked,Not tracked,Not tracked,Not tracked,Open,Unknown,Unknown,Unknown,Unknown,Unknown,Open,Not tracked,Not tracked,Not tracked,Not tracked,Not tracked,Not tracked,Not tracked,Perut,Perut,0.076607939,-0.192410408,-0.134709576,-0.064522034,-0.031326089,-0.012145919,-0.041476123,-0.201838777,0.079173525,-0.062922239,0.011233496,-0.028237526,-0.190628429,-0.027955676,2.336663969,1.726890267,0.464226652,-2.144960816,-1.681966976,0.92227241,0.195006684,Bola
8,0,2,8,8,8,7,7,3,4,1,8,0,0,3,8,8,8,7,5,5,1,8,1,7,7,5,5,1,3,0,0,5,0,0,0,Not tracked,Not tracked,Not tracked,Not tracked,Open,Open,Open,Open,Open,Open,Unknown,Not tracked,Not tracked,Not tracked,Not tracked,Not tracked,Not tracked,Not tracked,Not tracked,Not tracked,Not tracked,Not tracked,Open,Open,Unknown,Open,Unknown,Not tracked,Not tracked,Not tracked,Not tracked,Not tracked,Not tracked,Not tracked,Not tracked,Not tracked,Perut,Perut,0.075461332,-0.197844734,-0.112630822,-0.04290339,-0.048370169,-0.015892942,-0.054485448,-0.19838441,0.08025482,-0.068414507,0.022256486,-0.027173265,-0.191128567,-0.042165435,2.268095488,1.553952435,0.369190753,-2.163101303,-1.701836207,-0.274358494,0.20939121,Bola
0,7,8,8,8,8,3,4,4,1,0,0,0,0,0,0,0,0,0,1,1,8,7,7,6,5,4,5,0,1,0,0,3,0,5,0,Not tracked,Not tracked,Open,Open,Open,Open,Open,Open,Open,Not tracked,Not tracked,Not tracked,Not tracked,Not tracked,Not tracked,Not tracked,Not tracked,Not tracked,Not tracked,Not tracked,Open,Open,Unknown,Unknown,Open,Open,Not tracked,Not tracked,Not tracked,Not tracked,Not tracked,Not tracked,Not tracked,Not tracked,Not tracked,Not tracked,Perut,Perut,0.077929481,-0.196606798,-0.111184189,-0.058969539,-0.037454727,-0.021274804,-0.053457929,-0.198010678,0.077507078,-0.074678181,0.027840458,-0.031310368,-0.203086905,-0.032004595,2.297540405,1.691451766,0.753077672,-2.17549339,-1.763919222,0.44763528,0.210054795,Bola
3,7,0,8,8,8,7,7,8,3,3,3,7,8,0,8,0,8,6,3,5,2,1,8,7,7,7,5,6,6,0,2,0,2,0,0,Not tracked,Not tracked,Not tracked,Not tracked,Not tracked,Open,Open,Open,Open,Open,Open,Open,Open,Unknown,Not tracked,Unknown,Not tracked,Unknown,Not tracked,Not tracked,Not tracked,Not tracked,Open,Open,Unknown,Unknown,Unknown,Open,Open,Open,Not tracked,Not tracked,Not tracked,Not tracked,Not tracked,Not tracked,Perut,Perut,0.078553597,-0.195739078,-0.110032894,-0.036638043,-0.039095965,-0.005868745,-0.050096054,-0.205222519,0.069097419,-0.054018838,0.021328902,-0.014758621,-0.213419081,-0.038389017,2.33459126,1.613944167,0.986114467,-2.178600411,-1.582129407,-1.237156563,0.226144799,Bola
8,8,1,5,8,8,8,7,8,8,7,4,4,1,1,7,1,0,0,3,5,6,2,1,8,7,7,7,7,6,4,5,5,2,5,0,Not tracked,Not tracked,Not tracked,Not tracked,Not tracked,Open,Open,Open,Open,Open,Open,Open,Not tracked,Not tracked,Not tracked,Not tracked,Not tracked,Not tracked,Not tracked,Not tracked,Not tracked,Not tracked,Not tracked,Open,Open,Open,Unknown,Open,Open,Open,Not tracked,Not tracked,Not tracked,Not tracked,Not tracked,Not tracked,Perut,Perut,0.076626489,-0.198214974,-0.105834247,-0.036573279,-0.034974888,-0.013496354,-0.04722489,-0.201811737,0.077474928,-0.029556079,0.021981358,-0.017076628,-0.207317197,-0.001344139,2.302717282,1.520773785,1.243523554,-2.123612071,-1.176205501,0.099240189,0.217993476,Bola
0,0,8,1,8,8,8,8,7,4,1,0,7,0,0,0,0,0,0,8,7,1,1,1,7,7,7,6,5,6,7,2,0,0,3,0,Not tracked,Not tracked,Not tracked,Not tracked,Open,Open,Open,Open,Unknown,Open,Unknown,Not tracked,Not tracked,Not tracked,Not tracked,Not tracked,Not tracked,Not tracked,Not tracked,Not tracked,Not tracked,Not tracked,Open,Open,Unknown,Unknown,Open,Unknown,Open,Not tracked,Not tracked,Not tracked,Not tracked,Not tracked,Not tracked,Not tracked,Perut,Perut,0.082128514,-0.197172638,-0.118495396,-0.048515924,-0.035971525,0.00351399,-0.054367358,-0.203105882,0.097152081,-0.039432113,0.035888371,-0.019918795,-0.1721477,-0.021981782,2.355820814,1.527757022,0.362928956,-2.182403759,-1.536834936,-1.260726403,0.182220539,Bola
7,8,2,5,8,8,8,8,0,3,3,2,3,7,7,0,0,8,0,0,2,3,1,7,8,7,7,6,6,5,0,1,8,1,0,8,Not tracked,Not tracked,Not tracked,Not tracked,Open,Open,Open,Open,Open,Open,Open,Not tracked,Not tracked,Not tracked,Not tracked,Not tracked,Not tracked,Not tracked,Not tracked,Not tracked,Not tracked,Not tracked,Open,Unknown,Unknown,Unknown,Unknown,Unknown,Open,Not tracked,Not tracked,Not tracked,Not tracked,Not tracked,Not tracked,Not tracked,Perut,Perut,0.085059125,-0.190477018,-0.105513761,-0.061069887,-0.039888098,-0.015180167,-0.048732427,-0.198975163,0.074643113,-0.061650892,0.033774677,-0.019997744,-0.207837436,-0.013943938,2.325336198,1.678301629,1.106869579,-2.110256626,-1.606943057,-0.685725368,0.213614694,Bola
1,4,5,8,8,8,8,8,7,7,3,3,3,0,3,0,1,0,5,5,5,7,3,7,8,7,7,7,6,4,6,5,6,0,4,0,Not tracked,Not tracked,Not tracked,Not tracked,Not tracked,Open,Unknown,Open,Not tracked,Open,Open,Open,Not tracked,Not tracked,Not tracked,Not tracked,Not tracked,Not tracked,Not tracked,Not tracked,Not tracked,Not tracked,Not tracked,Open,Unknown,Unknown,Unknown,Open,Open,Unknown,Not tracked,Not tracked,Not tracked,Not tracked,Not tracked,Not tracked,Perut,Perut,0.079307198,-0.191679917,-0.131264271,-0.060029719,-0.041108003,-0.014588338,-0.054687012,-0.200527088,0.080962309,-0.067823636,0.030104852,-0.015555493,-0.177162151,-0.021776221,2.29283096,1.657858075,0.661949719,-2.151064103,-1.67218269,0.44710278,0.186444939,Bola
0,0,0,5,8,8,0,7,7,0,3,4,4,0,0,2,3,0,7,0,8,5,2,8,8,7,7,7,5,6,3,0,0,0,0,0,Not tracked,Not tracked,Not tracked,Not tracked,Not tracked,Open,Unknown,Unknown,Open,Open,Open,Open,Unknown,Open,Not tracked,Not tracked,Not tracked,Not tracked,Not tracked,Not tracked,Not tracked,Not tracked,Not tracked,Open,Unknown,Unknown,Unknown,Lasso,Open,Open,Not tracked,Not tracked,Not tracked,Not tracked,Not tracked,Not tracked,Perut,Perut,0.084147422,-0.194768887,-0.116701785,-0.042778603,-0.045586333,-0.007627454,-0.053741306,-0.197514641,0.08641562,-0.063550657,0.025836246,-0.00876543,-0.186865615,-0.027827117,2.333746107,1.644932096,1.526112217,-2.16546123,-1.620769672,-1.082015684,0.205602677,Bola
0,0,0,4,4,8,8,8,7,7,4,1,0,7,1,7,0,3,0,5,5,5,3,3,8,7,7,7,6,5,6,1,5,1,5,1,Not tracked,Not tracked,Not tracked,Not tracked,Not tracked,Open,Open,Unknown,Unknown,Open,Open,Open,Not tracked,Not tracked,Not tracked,Not tracked,Not tracked,Not tracked,Not tracked,Not tracked,Not tracked,Not tracked,Not tracked,Open,Open,Unknown,Unknown,Open,Open,Unknown,Not tracked,Not tracked,Not tracked,Not tracked,Not tracked,Not tracked,Perut,Perut,0.083170762,-0.191799136,-0.133241716,-0.044521628,-0.043766287,-0.01437854,-0.052881703,-0.199375407,0.082400434,-0.059543074,0.028495451,-0.010521262,-0.175190712,-0.022439642,2.317536194,1.568010917,0.664299596,-2.149566612,-1.490311607,-0.464246524,0.185151922,Bola
8,8,0,1,8,1,8,7,7,3,4,1,0,0,1,0,0,0,7,7,3,2,1,7,8,7,7,6,5,5,5,5,1,0,0,0,Not tracked,Not tracked,Not tracked,Not tracked,Not tracked,Not tracked,Not tracked,Open,Open,Open,Open,Unknown,Not tracked,Not tracked,Not tracked,Not tracked,Not tracked,Not tracked,Not tracked,Not tracked,Not tracked,Not tracked,Not tracked,Not tracked,Unknown,Unknown,Open,Open,Open,Not tracked,Not tracked,Not tracked,Not tracked,Not tracked,Not tracked,Not tracked,Perut,Perut,0.076754743,-0.195605532,-0.129256714,-0.059570045,-0.036771286,-0.017621626,-0.055080047,-0.198315984,0.104511123,-0.065542863,0.042735985,-0.015847813,-0.142088631,-0.010901101,2.302316812,1.690372355,0.739980613,-2.204357798,-2.043112387,-1.262669659,0.154690956,Bola
0,0,0,3,8,8,8,7,7,3,3,4,1,1,0,0,0,0,0,0,0,8,1,8,7,7,7,6,6,5,0,1,1,0,0,0,Not tracked,Not tracked,Not tracked,Not tracked,Unknown,Open,Open,Open,Unknown,Open,Open,Open,Not tracked,Not tracked,Not tracked,Not tracked,Not tracked,Not tracked,Not tracked,Not tracked,Not tracked,Not tracked,Unknown,Unknown,Unknown,Open,Unknown,Open,Open,Open,Not tracked,Not tracked,Not tracked,Not tracked,Not tracked,Not tracked,Perut,Perut,0.079632076,-0.188489043,-0.095812687,-0.04332139,-0.042410313,-0.015211712,-0.057363335,-0.199953222,0.06873642,-0.047931746,0.027298222,-0.011551328,-0.22728024,-0.014469475,2.342669452,1.594558103,1.417488154,-2.212359886,-1.183514073,-2.227870795,0.23028939,Bola
0,0,8,8,8,8,8,7,3,3,4,1,1,0,0,0,3,0,1,3,1,8,8,7,7,7,6,6,4,7,1,0,1,0,0,0,Not tracked,Not tracked,Not tracked,Open,Open,Open,Open,Open,Open,Open,Open,Not tracked,Not tracked,Not tracked,Not tracked,Not tracked,Not tracked,Not tracked,Not tracked,Not tracked,Not tracked,Open,Open,Unknown,Unknown,Unknown,Open,Open,Unknown,Not tracked,Not tracked,Not tracked,Not tracked,Not tracked,Not tracked,Not tracked,Perut,Perut,0.071934224,-0.196902473,-0.108494797,-0.054814483,-0.033122509,-0.014033659,-0.055204537,-0.195832034,0.061076012,-0.063275882,0.022147173,-0.024209759,-0.229924451,-0.022346374,2.244671385,1.630140554,-0.110532641,-2.16798411,-1.257262625,-1.120124534,0.232564219,Bola
8,8,8,8,8,8,8,7,8,7,8,0,3,1,4,2,1,8,0,3,0,1,1,1,0,0,7,7,7,0,6,5,5,5,3,0,Not tracked,Not tracked,Not tracked,Not tracked,Open,Open,Open,Open,Open,Open,Open,Open,Open,Unknown,Not tracked,Not tracked,Not tracked,Not tracked,Not tracked,Not tracked,Not tracked,Not tracked,Open,Open,Open,Open,Open,Open,Unknown,Open,Unknown,Open,Not tracked,Not tracked,Not tracked,Not tracked,Dada,Dada,0.080555556,-0.154444444,-0.058333333,0.076388889,-0.029166667,0.0325,-0.078888889,-0.155277778,0.046666667,0.074166667,0.011388889,0.034722222,-0.321388889,-0.004722222,2.422524285,-0.180664122,1.553176672,-2.426339063,0.320206848,-1.705309291,0.322084986,Bingkai
2,0,1,8,8,8,8,8,8,8,7,8,7,1,1,1,0,0,8,3,1,1,1,1,1,8,8,7,7,7,7,6,5,5,0,0,Not tracked,Not tracked,Not tracked,Open,Open,Open,Open,Open,Open,Open,Open,Open,Open,Open,Unknown,Not tracked,Not tracked,Not tracked,Not tracked,Not tracked,Not tracked,Unknown,Open,Open,Open,Open,Open,Open,Open,Open,Open,Open,Unknown,Not tracked,Not tracked,Not tracked,Dada,Dada,0.079459877,-0.140401235,-0.056898148,0.092955247,-0.016087963,0.031458333,-0.085802469,-0.144313272,0.043518519,0.098449074,0.01753858,0.045686728,-0.34753858,0.012368827,2.569121452,-0.373561377,0.971539185,-2.592959801,0.424725116,0.125457594,0.354230353,Bingkai
0,0,0,8,8,8,8,8,8,8,7,7,3,1,4,1,3,8,0,7,8,2,1,1,8,1,7,7,7,7,6,6,5,4,5,1,Not tracked,Not tracked,Not tracked,Open,Open,Open,Open,Open,Open,Open,Open,Unknown,Open,Unknown,Unknown,Not tracked,Not tracked,Not tracked,Not tracked,Not tracked,Not tracked,Unknown,Open,Open,Open,Open,Open,Open,Open,Open,Open,Open,Open,Not tracked,Not tracked,Not tracked,Dada,Dada,0.092484997,-0.130288923,-0.055191615,0.101470979,-0.022113555,0.031707176,-0.092938957,-0.132619813,0.033708848,0.099123585,0.004098294,0.03321352,-0.375764961,-0.006878644,2.692709187,-0.366054489,0.136530516,-2.517829693,0.321676476,-1.339028608,0.376760393,Bingkai
8,1,0,8,8,8,8,8,8,7,7,7,7,7,1,1,4,1,0,0,0,1,2,8,1,1,1,7,7,7,7,7,5,5,5,3,Not tracked,Not tracked,Not tracked,Not tracked,Not tracked,Open,Open,Open,Open,Open,Open,Unknown,Open,Unknown,Unknown,Unknown,Not tracked,Not tracked,Not tracked,Not tracked,Not tracked,Not tracked,Not tracked,Unknown,Open,Open,Open,Open,Open,Open,Unknown,Unknown,Open,Unknown,Unknown,Not tracked,Dada,Dada,0.100346805,-0.12945247,-0.039310878,0.103374194,-0.021447599,0.036158533,-0.107026082,-0.122294995,0.035103024,0.0919201,0.008169397,0.033700376,-0.409049027,-0.008802185,2.740675787,-0.699829738,-0.992395236,-2.784603712,0.749445848,-0.885517844,0.409815285,Bingkai
6,8,8,8,8,8,8,8,8,7,3,7,3,1,4,0,0,1,4,0,8,1,1,1,1,1,0,7,6,7,6,5,5,0,0,0,Not tracked,Not tracked,Not tracked,Open,Open,Open,Open,Open,Open,Open,Open,Open,Open,Unknown,Unknown,Not tracked,Not tracked,Not tracked,Not tracked,Not tracked,Unknown,Unknown,Open,Open,Open,Open,Open,Open,Open,Open,Unknown,Open,Unknown,Not tracked,Not tracked,Not tracked,Dada,Dada,0.100287411,-0.132207013,-0.050258636,0.103149283,-0.016151322,0.035448848,-0.099917391,-0.132285972,0.038475084,0.100608892,-0.001995295,0.033158344,-0.404140251,-0.007744505,2.728776446,-0.537696454,0.041165713,-2.734914147,0.5467983,-1.068156481,0.404871301,Bingkai
0,0,3,8,8,8,8,8,3,8,7,7,7,7,1,1,1,1,3,4,3,1,1,1,8,1,5,7,7,7,7,7,5,5,5,5,Not tracked,Not tracked,Not tracked,Open,Open,Open,Open,Open,Open,Open,Unknown,Unknown,Unknown,Unknown,Unknown,Unknown,Unknown,Not tracked,Not tracked,Not tracked,Not tracked,Unknown,Open,Open,Open,Open,Open,Open,Open,Open,Unknown,Unknown,Unknown,Unknown,Unknown,Not tracked,Dada,Dada,0.097230206,-0.13450575,-0.030840518,0.101198591,-0.016837537,0.036262468,-0.103053261,-0.130619055,0.020513197,0.094739136,0.009111242,0.041198843,-0.430115007,-0.003548458,2.683226829,-0.719172303,-0.830148219,-2.754424196,0.727330326,-1.269308869,0.430873056,Bingkai
0,7,0,0,4,8,8,8,8,8,8,8,7,8,7,4,1,1,0,0,0,8,3,1,1,8,0,7,7,7,7,7,7,5,5,5,Not tracked,Not tracked,Not tracked,Not tracked,Not tracked,Open,Open,Open,Open,Open,Open,Open,Open,Unknown,Unknown,Lasso,Unknown,Not tracked,Not tracked,Not tracked,Not tracked,Not tracked,Not tracked,Unknown,Open,Open,Open,Open,Open,Open,Open,Unknown,Unknown,Unknown,Unknown,Not tracked,Dada,Dada,0.109923061,-0.12512516,-0.042523348,0.114477739,-0.017967709,0.040451735,-0.106473702,-0.114739418,0.037792033,0.113187198,0.00525309,0.037533301,-0.408336528,-0.004265235,2.803079191,-0.516530334,-1.067128285,-0.472688395,0.632252212,0.660974511,0.408610542,Bingkai
0,0,0,8,8,8,8,8,7,7,3,8,1,4,1,3,7,0,0,0,0,3,1,1,1,1,7,7,6,7,5,5,5,3,2,0,Not tracked,Not tracked,Not tracked,Open,Open,Open,Open,Open,Open,Open,Open,Open,Open,Unknown,Open,Not tracked,Not tracked,Not tracked,Not tracked,Not tracked,Not tracked,Not tracked,Open,Open,Open,Open,Open,Open,Open,Open,Open,Unknown,Open,Not tracked,Not tracked,Not tracked,Dada,Dada,0.096108974,-0.140420143,-0.051181204,0.085957715,-0.027443547,0.029456993,-0.094068714,-0.134853873,0.03966089,0.083144089,0.00375703,0.030764814,-0.37023157,-0.005118479,2.659058096,-0.456841136,-0.794725069,-2.636666476,0.297897298,-0.441301673,0.37092076,Bingkai
0,0,0,8,8,8,8,8,7,3,7,7,7,1,2,4,1,8,0,0,1,1,1,8,1,1,7,6,7,7,7,5,5,5,5,7,Not tracked,Not tracked,Not tracked,Unknown,Unknown,Open,Open,Open,Open,Open,Unknown,Unknown,Open,Open,Unknown,Unknown,Not tracked,Not tracked,Not tracked,Not tracked,Not tracked,Not tracked,Open,Open,Open,Open,Open,Open,Open,Open,Open,Open,Open,Unknown,Unknown,Not tracked,Dada,Dada,0.097947471,-0.134456115,-0.028088367,0.094054381,-0.014373432,0.036651583,-0.10261302,-0.132079274,0.028323914,0.093420669,-0.000451194,0.032799023,-0.430006433,-0.010419958,2.705825924,-0.928028432,-0.656610975,-2.594823483,0.838896414,0.092999926,0.430598019,Bingkai
0,8,8,8,8,8,8,7,8,7,7,7,4,4,4,1,2,1,0,0,3,1,1,1,1,7,7,7,7,7,5,5,5,1,0,0,Not tracked,Not tracked,Unknown,Unknown,Open,Open,Open,Open,Open,Unknown,Open,Open,Open,Lasso,Unknown,Not tracked,Not tracked,Not tracked,Not tracked,Not tracked,Unknown,Unknown,Open,Open,Open,Open,Open,Open,Open,Open,Open,Unknown,Unknown,Not tracked,Not tracked,Not tracked,Dada,Dada,0.098831874,-0.142901559,-0.035780232,0.086223733,-0.019843706,0.029351433,-0.095628139,-0.140335535,0.031342331,0.087039463,0.002487467,0.031188862,-0.41111129,-0.003344999,2.654337879,-0.40572141,-0.34803827,-2.67095599,0.415803565,-0.307361146,0.411957627,Bingkai
0,5,7,8,8,8,8,7,7,8,7,7,7,1,4,4,0,0,3,3,3,1,1,8,1,7,7,7,7,7,7,5,5,5,1,1,Not tracked,Not tracked,Not tracked,Open,Open,Open,Open,Open,Open,Unknown,Open,Open,Open,Open,Unknown,Unknown,Not tracked,Not tracked,Not tracked,Not tracked,Unknown,Open,Open,Open,Open,Open,Open,Open,Open,Open,Open,Open,Unknown,Unknown,Not tracked,Not tracked,Dada,Dada,0.106078663,-0.133969488,-0.019327229,0.088506215,-0.013051214,0.039981984,-0.104323004,-0.133064876,0.010592843,0.094917763,-0.002153126,0.032810802,-0.474753091,-0.00592625,2.54565215,-0.872284703,0.088213661,-2.728914393,0.90028114,-0.676947937,0.475216691,Bingkai
3,3,8,8,8,8,8,8,8,7,8,7,7,3,1,1,1,2,3,3,0,1,1,1,1,1,7,7,7,7,7,5,6,5,5,3,Not tracked,Not tracked,Not tracked,Unknown,Open,Open,Open,Open,Open,Open,Unknown,Open,Open,Open,Open,Lasso,Not tracked,Not tracked,Not tracked,Not tracked,Not tracked,Open,Open,Open,Open,Open,Open,Open,Open,Open,Open,Open,Open,Unknown,Not tracked,Not tracked,Kepala,Dada,0.105168852,-0.12927693,-0.022203534,0.108291839,-0.008418089,0.0424995,-0.105675639,-0.125918469,0.013905357,0.111803271,0.002162413,0.038689189,-0.464854253,-0.001553507,2.751256391,-0.851298424,-0.647031268,-2.735201173,0.81472853,-0.522894766,0.465227823,Bingkai
8,8,5,8,3,8,8,8,8,8,7,7,7,7,0,4,1,1,0,1,3,8,3,8,8,1,1,7,7,7,7,7,5,5,5,1,Not tracked,Not tracked,Not tracked,Open,Open,Unknown,Open,Open,Open,Open,Unknown,Unknown,Open,Open,Open,Unknown,Not tracked,Not tracked,Not tracked,Not tracked,Not tracked,Unknown,Unknown,Unknown,Open,Open,Open,Open,Open,Open,Open,Open,Open,Unknown,Not tracked,Not tracked,Dada,Dada,0.097365801,-0.136091026,-0.031450098,0.109396996,-0.015511614,0.032569431,-0.097657657,-0.131553291,0.027052927,0.110050091,0.0058934,0.0410747,-0.417912618,0.005512403,2.678991077,-0.586012758,0.398612341,-2.708016153,0.620175084,-0.920328622,0.42052621,Bingkai
3,8,0,8,8,8,8,8,8,7,7,7,7,7,7,1,1,4,0,0,4,0,8,1,1,1,1,7,7,7,7,7,7,7,4,5,Not tracked,Not tracked,Not tracked,Not tracked,Open,Open,Open,Open,Open,Open,Open,Open,Open,Open,Open,Open,Unknown,Unknown,Not tracked,Not tracked,Not tracked,Not tracked,Open,Open,Open,Open,Open,Open,Open,Open,Open,Open,Open,Open,Open,Unknown,Dada,Dada,0.110760161,-0.124058084,-0.013651392,0.124427694,-0.011819767,0.045626929,-0.105768268,-0.127265369,0.019640359,0.134445836,0.00460815,0.047807631,-0.469386462,0.011542011,2.814740639,-0.924224878,-1.517297176,-2.715048568,0.853027225,-0.251678679,0.470313001,Bingkai
0,5,0,8,8,8,8,7,8,7,7,7,4,4,1,0,2,0,5,4,0,2,2,1,8,7,7,7,7,7,5,5,5,1,0,5,Not tracked,Not tracked,Not tracked,Not tracked,Not tracked,Unknown,Open,Open,Open,Unknown,Unknown,Open,Open,Unknown,Not tracked,Not tracked,Not tracked,Not tracked,Not tracked,Not tracked,Not tracked,Not tracked,Unknown,Unknown,Open,Open,Open,Open,Open,Open,Open,Unknown,Not tracked,Not tracked,Not tracked,Not tracked,Dada,Dada,0.103076671,-0.133723836,-0.045934761,0.080956325,-0.018939438,0.034045192,-0.085993563,-0.136868482,0.050823343,0.08956794,0.007628004,0.031050212,-0.363871846,4.28E-05,2.740471132,-0.410616883,-0.426951474,-2.267173158,0.254484941,-0.593084867,0.366016763,Bingkai
